state,total,place,race,religion,sexual_orientation,ethnicity,disability,gender,gender_identity
Alabama,Total,,5,0,1,0,0,0,0
,Cities,,5,0,1,0,0,0,0
,,Florence,2,0,0,0,0,0,0
,,Hoover,0,0,1,0,0,0,0
,,Prattville,2,0,0,0,0,0,0
,,Tuscaloosa,1,0,0,0,0,0,0
Alaska,Total, ,8,0,0,0,0,0,0
,Cities,,8,0,0,0,0,,
,,Anchorage,8,0,0,0,0,0,0
Arizona,Total,,73,30,27,24,1,0,0
,Cities,,68,27,25,23,1,0,0
,,Apache Junction,1,0,0,0,0,0,0
,,Avondale,4,0,0,1,0,0,0
,,Eagar,0,0,0,1,0,0,0
,,El Mirage,1,0,0,0,0,0,0
,,Gilbert,1,0,0,0,0,0,0
,,Glendale,2,3,1,1,0,0,0
,,Goodyear,0,0,2,0,0,0,0
,,Maricopa,1,0,0,0,0,0,0
,,Mesa,1,1,0,0,0,0,0
,,Phoenix,40,12,14,14,1,0,0
,,Prescott,0,0,0,1,0,0,0
,,Scottsdale,0,1,0,1,0,0,0
,,Tempe,1,0,2,0,0,0,0
,,Tucson,13,6,6,1,0,0,0
,,Yuma,3,4,0,3,0,0,0
,Universities and Colleges,,2,0,1,0,0,0,0
,,Northern Arizona University,0,0,1,0,0,0,0
,,University of Arizona,2,0,0,0,0,0,0
,Metropolitan Counties,,3,3,1,1,0,0,0
,,Cochise,0,1,0,0,0,0,0
,,Maricopa,1,1,0,0,0,0,0
,,Pima,1,1,1,0,0,0,0
,,Yuma,1,0,0,1,0,0,0
Arkansas,Total,,17,0,8,2,0,0,0
,Cities,,10,0,3,0,0,0,0
,,Bentonville,1,0,0,0,0,0,0
,,Berryville,1,0,0,0,0,0,0
,,Cabot,1,0,0,0,0,0,0
,,England,1,0,0,0,0,0,0
,,Fairfield Bay,1,0,0,0,0,0,0
,,Fort Smith,1,0,1,0,0,0,0
,,Gurdon,1,0,0,0,0,0,0
,,Marion,0,0,1,0,0,0,0
,,North Little Rock,1,0,0,0,0,0,0
,,Pine Bluff,0,0,1,0,0,0,0
,,Rogers,1,0,0,0,0,0,0
,,Sherwood,1,0,0,0,0,0,0
,Universities and Colleges,,0,0,1,0,0,0,0
,,"University of Arkansas, Pine Bluff",0,0,1,0,0,0,0
,Metropolitan Counties,,6,0,3,2,0,0,0
,,Crawford,2,0,2,0,0,0,0
,,Faulkner,1,0,0,1,0,0,0
,,Lonoke,1,0,0,0,0,0,0
,,Pulaski,1,0,1,1,0,0,0
,,Sebastian,1,0,0,0,0,0,0
,Nonmetropolitan Counties,,1,0,1,0,0,0,0
,,Greene,1,0,0,0,0,0,0
,,Pope,0,0,1,0,0,0,0
California,Total,,374,129,217,115,1,0,7
,Cities,,291,117,166,87,1,0,6
,,Adelanto,1,0,0,1,0,0,0
,,Agoura Hills,2,0,0,0,0,0,0
,,Alameda,0,1,0,0,0,0,0
,,Alhambra,1,0,0,0,0,0,0
,,Antioch,2,0,0,0,0,0,0
,,Arcadia,1,0,0,0,0,0,0
,,Atascadero,1,0,0,1,0,0,0
,,Atwater,0,0,0,1,0,0,0
,,Auburn,1,0,0,0,0,0,0
,,Azusa,1,0,0,0,0,0,0
,,Bakersfield,2,1,0,0,0,0,0
,,Baldwin Park,0,0,1,0,0,0,0
,,Banning,0,0,0,1,0,0,0
,,Berkeley,7,1,4,1,0,0,0
,,Beverly Hills,0,1,0,0,0,0,0
,,Brentwood3,4,0,0,0,0,0,0
,,Buena Park3,0,0,1,1,0,0,0
,,Burbank,1,1,2,1,0,0,0
,,Calabasas,0,2,0,0,0,0,0
,,Camarillo,2,1,0,0,0,0,0
,,Campbell,1,0,0,0,0,0,0
,,Carlsbad,1,1,0,1,0,0,0
,,Carson,1,0,0,0,0,0,0
,,Cerritos,3,0,0,0,0,0,0
,,Chico,1,3,0,0,0,0,0
,,Chino,2,2,2,3,0,0,0
,,Chula Vista,3,0,1,0,0,0,0
,,Citrus Heights,1,0,0,0,0,0,0
,,Claremont,1,1,1,0,0,0,0
,,Clearlake,1,0,1,0,0,0,0
,,Clovis,0,1,2,1,0,0,0
,,Colton,1,0,0,0,0,0,0
,,Compton,1,0,1,0,0,0,0
,,Concord,1,0,0,0,0,0,0
,,Corcoran,1,0,0,0,0,0,0
,,Corona,0,0,0,1,0,0,0
,,Coronado,0,1,0,0,0,0,0
,,Costa Mesa,1,0,0,0,0,0,0
,,Covina,0,2,1,0,0,0,0
,,Cupertino,0,0,0,0,0,0,1
,,Cypress,0,0,0,1,0,0,0
,,Daly City,0,2,1,0,0,0,0
,,Dana Point,0,1,0,0,0,0,0
,,Davis,2,1,4,1,0,0,0
,,Duarte,1,0,1,0,0,0,0
,,El Cajon,1,0,0,1,0,0,0
,,El Cerrito,0,2,1,4,0,0,0
,,Elk Grove,1,0,0,0,0,0,0
,,El Monte,5,0,0,0,0,0,0
,,Emeryville,1,0,0,0,0,0,0
,,Encinitas,2,1,0,1,0,0,0
,,Escondido,4,1,1,2,0,0,0
,,Eureka,1,0,1,0,0,0,0
,,Fairfield,2,0,0,1,0,0,0
,,Fontana,1,0,0,0,0,0,0
,,Foster City,1,0,0,0,0,0,0
,,Fresno,4,0,3,2,0,0,1
,,Fullerton,0,1,1,0,0,0,0
,,Galt,1,0,0,0,0,0,0
,,Garden Grove,1,0,0,3,0,0,0
,,Gilroy,0,0,2,0,0,0,0
,,Glendale,1,0,0,0,0,0,0
,,Glendora,1,0,0,0,0,0,0
,,Gridley,0,0,0,1,0,0,0
,,Hanford,1,0,1,0,0,0,0
,,Hawaiian Gardens,4,0,0,0,0,0,0
,,Hayward,0,1,1,0,0,0,0
,,Healdsburg,1,0,0,0,0,0,0
,,Hercules,0,0,0,1,0,0,0
,,Holtville,0,1,0,0,0,0,0
,,Huntington Beach,0,0,0,0,0,0,1
,,Imperial Beach,1,0,1,1,0,0,0
,,Irvine,0,1,0,0,0,0,0
,,Jurupa Valley,0,1,0,0,0,0,0
,,Laguna Beach,0,0,1,0,0,0,0
,,La Habra,0,1,0,0,0,0,0
,,Lake Elsinore,0,2,0,0,0,0,0
,,Lake Forest,2,0,0,0,0,0,0
,,Lakewood,2,0,0,0,0,0,0
,,La Mirada,1,2,0,0,0,0,0
,,Lancaster,3,1,0,1,0,0,0
,,La Quinta,1,1,0,0,0,0,0
,,Lemon Grove,1,0,1,0,0,0,0
,,Lemoore,1,0,0,0,0,0,0
,,Livermore,0,0,0,1,0,0,0
,,Lodi,0,0,0,2,0,0,0
,,Lomita,0,0,0,1,0,0,0
,,Long Beach,3,1,1,0,0,0,0
,,Los Alamitos,1,0,0,0,0,0,0
,,Los Angeles,41,29,33,9,0,0,2
,,Los Gatos,2,0,0,0,0,0,0
,,Lynwood,1,0,0,0,0,0,0
,,Malibu,1,0,0,0,0,0,0
,,Manhattan Beach,1,0,0,0,0,0,0
,,Manteca,1,1,1,0,0,0,0
,,Milpitas,1,0,0,0,0,0,0
,,Modesto,0,1,1,1,0,0,0
,,Montclair,2,0,0,0,0,0,0
,,Monterey,1,0,1,0,0,0,0
,,Moreno Valley,1,0,0,0,0,0,0
,,Morgan Hill,0,1,0,0,0,0,0
,,Murrieta3,3,1,1,0,0,0,0
,,National City,2,0,1,0,0,0,0
,,Newark,2,0,0,1,0,0,0
,,Newport Beach,0,2,1,0,0,0,0
,,Norwalk,4,1,0,0,0,0,0
,,Oakland,4,1,4,2,0,0,0
,,Oceanside,5,1,1,1,0,0,0
,,Ontario,1,0,0,0,0,0,0
,,Orange,1,1,1,0,0,0,0
,,Oroville,1,0,1,0,0,0,0
,,Oxnard,0,0,1,0,0,0,0
,,Pacifica,0,1,0,0,0,0,0
,,Pacific Grove,0,1,0,0,0,0,0
,,Palmdale,4,1,3,0,0,0,0
,,Palm Springs,3,1,4,0,0,0,0
,,Palo Alto,0,0,0,1,0,0,0
,,Paramount,2,0,0,0,0,0,0
,,Pasadena,1,1,0,1,0,0,0
,,Pico Rivera,0,0,1,1,0,0,0
,,Pinole,0,0,0,1,0,0,0
,,Placentia,1,0,0,0,0,0,0
,,Rancho Cordova,1,0,0,0,0,0,0
,,Rancho Palos Verdes,0,1,0,0,0,0,0
,,Red Bluff,2,0,1,0,0,0,0
,,Redding,5,0,1,2,0,0,0
,,Redlands,0,2,1,0,0,0,0
,,Redondo Beach,2,0,1,2,0,0,0
,,Redwood City,0,1,0,0,0,0,0
,,Richmond,1,0,2,0,0,0,0
,,Ridgecrest,0,0,1,0,0,0,0
,,Riverside,11,1,1,2,0,0,1
,,Rohnert Park,0,0,0,3,0,0,0
,,Rolling Hills Estates,1,0,0,0,0,0,0
,,Roseville,0,0,1,0,0,0,0
,,Sacramento,6,2,6,2,0,0,0
,,Salinas,0,0,1,1,0,0,0
,,San Bernardino,2,0,0,1,0,0,0
,,San Diego,18,12,12,1,0,0,0
,,San Dimas,1,0,0,0,0,0,0
,,San Francisco,7,3,13,1,0,0,0
,,San Jose,6,2,6,1,0,0,0
,,San Leandro,3,0,1,1,0,0,0
,,San Luis Obispo,1,0,1,0,0,0,0
,,San Mateo,0,0,1,0,0,0,0
,,Santa Ana,0,0,1,0,0,0,0
,,Santa Barbara,1,0,1,0,0,0,0
,,Santa Clara,0,0,2,0,0,0,0
,,Santa Clarita,2,0,3,0,0,0,0
,,Santa Cruz,1,0,1,0,0,0,0
,,Santa Maria,0,0,1,0,0,0,0
,,Santa Rosa,0,1,2,0,0,0,0
,,Santee,1,0,1,1,0,0,0
,,Saratoga,1,0,0,0,0,0,0
,,Simi Valley,1,1,0,1,0,0,0
,,Sonora,1,0,0,0,0,0,0
,,South Gate,0,1,1,0,0,0,0
,,South Lake Tahoe,0,0,0,1,0,0,0
,,Stanton,0,0,1,0,0,0,0
,,Stockton,1,0,1,0,0,0,0
,,Sunnyvale,1,0,0,0,0,0,0
,,Taft,0,0,1,0,0,0,0
,,Tehachapi,1,0,0,1,0,0,0
,,Temecula,1,0,0,0,0,0,0
,,Temple City,0,1,0,0,0,0,0
,,Thousand Oaks,0,1,0,0,0,0,0
,,Torrance,1,0,0,1,0,0,0
,,Tracy,4,0,1,1,0,0,0
,,Turlock,1,0,0,0,0,0,0
,,Union City,1,0,0,4,0,0,0
,,Vallejo,1,0,0,1,0,0,0
,,Ventura,0,1,0,0,0,0,0
,,Vernon,1,0,0,0,0,0,0
,,Victorville,6,0,1,0,0,0,0
,,Visalia,1,0,1,0,0,0,0
,,Vista,1,0,1,0,0,0,0
,,Walnut Creek,1,0,0,0,0,0,0
,,West Covina,6,0,0,0,0,0,0
,,West Hollywood,1,0,2,2,0,0,0
,,Westlake Village,0,2,0,0,0,0,0
,,Westminster,1,1,1,1,1,0,0
,,Yorba Linda,1,0,0,0,0,0,0
,,Yuba City,0,0,0,1,0,0,0
,,Yucca Valley,1,0,0,0,0,0,0
,Universities and Colleges,,13,4,10,4,0,0,0
,,California State Polytechnic University:,,,,,,,
,,Pomona,0,0,0,1,0,0,0
,,San Luis Obispo,0,0,1,0,0,0,0
,,California State University:,,,,,,,
,,Dominguez Hills,1,0,1,0,0,0,0
,,Long Beach,1,0,0,0,0,0,0
,,San Bernardino,3,0,0,0,0,0,0
,,San Jose,2,0,1,1,0,0,0
,,San Marcos,0,0,1,0,0,0,0
,,Stanislaus,0,0,1,0,0,0,0
,,Humboldt State University,0,0,1,0,0,0,0
,,Marin Community College,0,1,1,0,0,0,0
,,University of California:,,,,,,,
,,Berkeley,3,2,1,1,0,0,0
,,Davis,1,0,1,1,0,0,0
,,Riverside,2,0,0,0,0,0,0
,,San Diego,0,1,0,0,0,0,0
,,Santa Cruz,0,0,1,0,0,0,0
,Metropolitan Counties,,56,7,36,20,0,0,1
,,El Dorado,0,0,1,1,0,0,0
,,Kern,1,0,1,3,0,0,0
,,Kings,0,0,1,0,0,0,0
,,Los Angeles,20,3,17,10,0,0,0
,,Orange,1,0,0,1,0,0,0
,,Riverside,3,0,0,0,0,0,0
,,Sacramento,9,1,3,0,0,0,0
,,San Bernardino,2,0,1,2,0,0,1
,,San Diego,6,2,3,2,0,0,0
,,San Luis Obispo,3,0,1,0,0,0,0
,,San Mateo,0,0,1,0,0,0,0
,,Santa Barbara,2,0,2,0,0,0,0
,,Santa Clara,1,0,1,0,0,0,0
,,Santa Cruz,1,0,1,1,0,0,0
,,Shasta,4,0,2,0,0,0,0
,,Sonoma,1,0,1,0,0,0,0
,,Ventura,1,1,0,0,0,0,0
,,Yuba,1,0,0,0,0,0,0
,Nonmetropolitan Counties,,1,0,1,3,0,0,0
,,Alpine,1,0,0,0,0,0,0
,,Amador,0,0,1,0,0,0,0
,,Calaveras,0,0,0,1,0,0,0
,,Lake,0,0,0,2,0,0,0
,State Police Agencies,,1,0,0,0,0,0,0
,,"Highway Patrol, Plumas County",1,0,0,0,0,0,0
,Other Agencies,,12,1,4,1,0,0,0
,,"Department of Parks and Recreation, Tehachapi District",1,0,0,0,0,0,0
,,Fontana Unified School District,1,0,0,0,0,0,0
,,Los Angeles Transportation Services Bureau,2,1,3,0,0,0,0
,,Port of San Diego Harbor,2,0,0,1,0,0,0
,,San Francisco Bay Area Rapid Transit:,,,,,,,
,,Alameda County,4,0,0,0,0,0,0
,,Contra Costa County,1,0,0,0,0,0,0
,,San Francisco County,1,0,1,0,0,0,0
Colorado,Total,,54,18,40,15,1,0,0
,Cities,,38,14,32,12,1,0,0
,,Arvada,2,0,0,0,0,0,0
,,Aurora,4,0,1,1,0,0,0
,,Castle Rock,0,0,0,2,0,0,0
,,Centennial,3,2,1,0,0,0,0
,,Colorado Springs,3,1,2,1,0,0,0
,,Commerce City,0,1,0,0,0,0,0
,,Denver,9,5,15,1,0,0,0
,,Dillon,0,0,0,1,0,0,0
,,Durango,0,0,2,0,0,0,0
,,Englewood,1,0,0,0,1,0,0
,,Erie,0,1,0,0,0,0,0
,,Fountain,2,0,1,0,0,0,0
,,Glendale,0,1,0,0,0,0,0
,,Glenwood Springs,0,0,1,0,0,0,0
,,Golden,0,0,0,1,0,0,0
,,Grand Junction,4,0,1,0,0,0,0
,,Greeley,0,0,1,0,0,0,0
,,Greenwood Village,1,0,0,0,0,0,0
,,Lafayette,2,0,0,1,0,0,0
,,Lakewood,1,1,1,1,0,0,0
,,Littleton,1,0,0,0,0,0,0
,,Lone Tree,0,0,1,0,0,0,0
,,Longmont,1,0,1,1,0,0,0
,,Loveland,1,0,0,0,0,0,0
,,Monument,0,1,0,0,0,0,0
,,Pueblo,2,0,0,0,0,0,0
,,Rifle,0,0,0,1,0,0,0
,,Snowmass Village,1,0,0,0,0,0,0
,,Steamboat Springs,0,0,0,1,0,0,0
,,Telluride,0,0,1,0,0,0,0
,,Thornton,0,1,2,0,0,0,0
,,Westminster,0,0,1,0,0,0,0
,Universities and Colleges,,1,0,2,0,0,0,0
,,"Colorado State University, Fort Collins",1,0,0,0,0,0,0
,,"University of Colorado, Boulder",0,0,2,0,0,0,0
,Metropolitan Counties,,10,2,6,2,0,0,0
,,Adams,1,0,1,1,0,0,0
,,Arapahoe,4,2,2,0,0,0,0
,,El Paso,2,0,0,0,0,0,0
,,Larimer,0,0,2,0,0,0,0
,,Mesa,0,0,0,1,0,0,0
,,Park,1,0,0,0,0,0,0
,,Pueblo,1,0,0,0,0,0,0
,,Weld,1,0,1,0,0,0,0
,Nonmetropolitan Counties,,4,2,0,1,0,0,0
,,Cheyenne,0,0,0,1,0,0,0
,,Garfield,1,1,0,0,0,0,0
,,Logan,1,1,0,0,0,0,0
,,Montezuma,1,0,0,0,0,0,0
,,Pitkin,1,0,0,0,0,0,0
,State Police Agencies,,1,0,0,0,0,0,0
,,Colorado State Patrol,1,0,0,0,0,,
Connecticut,Total,,72,20,26,24,3,0,0
,Cities,,66,18,21,21,3,0,0
,,Bethel,1,0,0,0,0,0,0
,,Bridgeport,5,1,2,3,0,0,0
,,Canton,0,0,1,0,0,0,0
,,Danbury,0,1,1,1,0,0,0
,,Derby,1,0,0,0,0,0,0
,,East Hampton,0,2,0,0,0,0,0
,,East Hartford,0,0,1,0,0,0,0
,,East Windsor,1,0,0,0,0,0,0
,,Enfield,1,0,0,0,0,0,0
,,Glastonbury,1,0,0,0,0,0,0
,,Groton,1,1,0,0,0,0,0
,,Groton Town,1,0,0,0,1,0,0
,,Guilford,0,1,0,0,0,0,0
,,Hamden,0,1,0,0,0,0,0
,,Hartford,1,1,2,0,0,0,0
,,Manchester,7,2,0,1,0,0,0
,,Meriden,2,0,1,0,0,0,0
,,Middletown,5,0,1,1,0,0,0
,,Milford,4,1,0,0,0,0,0
,,New Britain,0,0,1,0,0,0,0
,,New Haven,5,0,4,1,0,0,0
,,Newington,1,2,0,0,0,0,0
,,New London,1,0,2,0,0,0,0
,,New Milford,0,0,0,1,0,0,0
,,North Branford,1,0,0,1,0,0,0
,,Norwalk,1,0,1,1,0,0,0
,,Norwich,1,0,0,0,0,0,0
,,Old Saybrook,3,0,0,0,0,0,0
,,Plainville,0,0,1,0,0,0,0
,,Plymouth,0,1,1,0,0,0,0
,,Southington,1,0,0,6,0,0,0
,,South Windsor,0,1,0,0,0,0,0
,,Stamford,1,2,2,2,1,0,0
,,Stratford,1,1,0,1,0,0,0
,,Suffield,1,0,0,0,0,0,0
,,Torrington,5,0,0,0,0,0,0
,,Wallingford,2,0,0,2,0,0,0
,,Waterbury,6,0,0,0,0,0,0
,,West Haven,1,0,0,0,0,0,0
,,Willimantic,1,0,0,0,0,0,0
,,Winchester,2,0,0,0,0,0,0
,,Windsor Locks,0,0,0,0,1,0,0
,,Wolcott,1,0,0,0,0,0,0
,Universities and Colleges,,5,1,2,1,0,0,0
,,Central Connecticut State University,0,0,1,0,0,0,0
,,Southern Connecticut State University,2,0,0,0,0,0,0
,,"University of Connecticut, Storrs, Avery Point, and Hartford4",3,1,0,1,0,0,0
,,Yale University,0,0,1,0,0,0,0
,State Police Agencies,,1,1,3,2,0,0,0
,,Connecticut State Police,1,1,3,2,0,0,0
Delaware,Total,,9,0,3,0,0,0,0
,Cities,,5,0,2,0,0,0,0
,,Dover,0,0,1,0,0,0,0
,,Milford,1,0,1,0,0,0,0
,,Milton,1,0,0,0,0,0,0
,,New Castle,1,0,0,0,0,0,0
,,Seaford,1,0,0,0,0,0,0
,,Smyrna,1,0,0,0,0,0,0
,Universities and Colleges,,1,0,0,0,0,0,0
,,Delaware State University,1,0,0,0,0,0,0
,Metropolitan Counties,,1,0,0,0,0,0,0
,,New Castle County Police Department,1,0,0,0,0,0,0
,State Police Agencies,,2,0,1,0,0,0,0
,,State Police:,,,,,,,
,,Kent County,1,0,0,0,0,0,0
,,New Castle County,1,0,0,0,0,0,0
,,Sussex County,0,0,1,0,0,0,0
District of Columbia,Total,,18,6,32,4,0,0,12
,Cities,,18,6,31,3,0,0,12
,,Washington,18,6,31,3,0,0,12
,Other Agencies,,0,0,1,1,0,0,0
,,Metro Transit Police,0,0,1,1,0,0,0
Florida,Total,,40,8,20,8,0,0,0
,Cities,,24,7,14,4,0,0,0
,,Delray Beach,1,0,0,0,0,0,0
,,Gainesville,2,0,1,0,0,0,0
,,Hallandale,2,0,1,0,0,0,0
,,Homestead,2,0,1,0,0,0,0
,,Jacksonville,5,0,0,0,0,0,0
,,Jupiter,1,0,1,0,0,0,0
,,Lake Alfred,0,0,0,1,0,0,0
,,Largo,0,0,1,0,0,0,0
,,Melbourne,1,1,0,0,0,0,0
,,Miramar,0,0,1,0,0,0,0
,,North Miami,2,1,3,0,0,0,0
,,North Miami Beach,0,0,1,0,0,0,0
,,North Port,0,0,1,0,0,0,0
,,Orlando,1,0,1,0,0,0,0
,,Palm Bay,0,1,0,1,0,0,0
,,Panama City,2,0,0,0,0,0,0
,,Pembroke Pines,0,0,0,1,0,0,0
,,Pensacola,0,0,1,0,0,0,0
,,Pompano Beach,1,1,0,1,0,0,0
,,Port St. Lucie,1,0,0,0,0,0,0
,,Sanford,0,0,1,0,0,0,0
,,St. Petersburg,0,1,0,0,0,0,0
,,Sunrise,1,0,0,0,0,0,0
,,Tallahassee,1,0,0,0,0,0,0
,,Venice,0,2,0,0,0,0,0
,,Weston,1,0,0,0,0,0,0
,Metropolitan Counties,,16,1,6,4,0,0,0
,,Alachua,0,0,0,1,0,0,0
,,Brevard,0,0,1,0,0,0,0
,,Charlotte,1,0,0,0,0,0,0
,,Clay,1,0,0,0,0,0,0
,,Collier,1,0,0,0,0,0,0
,,Flagler,2,0,0,0,0,0,0
,,Hillsborough,0,0,0,1,0,0,0
,,Lake,1,0,0,0,0,0,0
,,Manatee,1,0,0,0,0,0,0
,,Orange,6,0,4,0,0,0,0
,,Osceola,0,0,0,2,0,0,0
,,Palm Beach,0,1,0,0,0,0,0
,,Pasco,1,0,0,0,0,0,0
,,Santa Rosa,0,0,1,0,0,0,0
,,Volusia,2,0,0,0,0,0,0
Georgia,Total,,29,5,17,5,1,0,0
,Cities,,7,1,12,2,1,0,0
,,Atlanta,5,1,12,2,1,0,0
,,Conyers,1,0,0,0,0,0,0
,,Villa Rica,1,0,0,0,0,0,0
,Universities and Colleges,,2,1,3,0,0,0,0
,,Kennesaw State University,0,0,2,0,0,0,0
,,University of Georgia,2,1,1,0,0,0,0
,Metropolitan Counties,,20,3,2,3,0,0,0
,,Cobb County Police Department,19,3,2,3,0,0,0
,,Henry County Police Department,1,0,0,0,0,0,0
Idaho,Total,,19,6,4,3,0,0,0
,Cities,,18,4,4,2,0,0,0
,,Boise,8,1,4,0,0,0,0
,,Caldwell,1,0,0,0,0,0,0
,,Chubbuck,0,3,0,0,0,0,0
,,Coeur d'Alene,2,0,0,0,0,0,0
,,Hailey,0,0,0,1,0,0,0
,,Montpelier,1,0,0,0,0,0,0
,,Nampa,3,0,0,1,0,0,0
,,Payette,2,0,0,0,0,0,0
,,Twin Falls,1,0,0,0,0,0,0
,Metropolitan Counties,,0,1,0,1,0,0,0
,,Ada,0,1,0,1,0,0,0
,Nonmetropolitan Counties,,1,1,0,0,0,0,0
,,Cassia,0,1,0,0,0,0,0
,,Shoshone,1,0,0,0,0,0,0
Illinois,Total,,61,7,29,8,0,0,0
,Cities,,48,7,27,6,0,0,0
,,Aurora,0,0,1,0,0,0,0
,,Bartlett,0,1,0,1,0,0,0
,,Berwyn,1,0,0,0,0,0,0
,,Carol Stream,0,1,0,0,0,0,0
,,Champaign,1,0,0,0,0,0,0
,,Chester,1,0,0,0,0,0,0
,,Chicago,22,2,18,3,0,0,0
,,Crystal Lake,0,1,0,0,0,0,0
,,De Kalb,1,0,0,0,0,0,0
,,Dixon,0,0,1,0,0,0,0
,,Harvey,1,0,0,0,0,0,0
,,Irving,1,0,0,0,0,0,0
,,La Grange,0,1,0,0,0,0,0
,,Mokena,1,0,0,0,0,0,0
,,Moline,1,0,0,0,0,0,0
,,Morton,0,0,1,0,0,0,0
,,Normal,0,0,1,0,0,0,0
,,Pekin,2,0,0,0,0,0,0
,,Peoria,3,0,2,0,0,0,0
,,Quincy,1,0,0,0,0,0,0
,,Rockford,2,1,1,0,0,0,0
,,Roscoe,1,0,0,0,0,0,0
,,Skokie,2,0,0,1,0,0,0
,,Springfield,5,0,0,0,0,0,0
,,St. Charles,0,0,1,1,0,0,0
,,Sterling,0,0,1,0,0,0,0
,,Urbana,2,0,0,0,0,0,0
,Universities and Colleges,,4,0,0,0,0,0,0
,,"Northwestern University, Evanston",3,0,0,0,0,0,0
,,"University of Illinois, Springfield",1,0,0,0,0,0,0
,Metropolitan Counties,,8,0,1,2,0,0,0
,,Cook,0,0,0,1,0,0,0
,,Jackson,1,0,0,0,0,0,0
,,Lake,1,0,0,1,0,0,0
,,McLean,1,0,0,0,0,0,0
,,Peoria,2,0,0,0,0,0,0
,,Sangamon,1,0,1,0,0,0,0
,,Will,2,0,0,0,0,0,0
,Nonmetropolitan Counties,,1,0,1,0,0,0,0
,,Cumberland,0,0,1,0,0,0,0
,,Douglas,1,0,0,0,0,0,0
Indiana,Total,,49,3,13,9,1,0,0
,Cities,,41,0,12,8,0,0,0
,,Bloomington,8,0,2,0,0,0,0
,,Fort Wayne,1,0,0,0,0,0,0
,,Franklin,1,0,0,0,0,0,0
,,Goshen,0,0,1,0,0,0,0
,,Indianapolis,29,0,6,8,0,0,0
,,Mishawaka,0,0,2,0,0,0,0
,,South Bend,2,0,1,0,0,0,0
,Universities and Colleges,,2,1,1,0,0,0,0
,,Ball State University,0,1,0,0,0,0,0
,,Purdue University,2,0,1,0,0,0,0
,Metropolitan Counties,,2,1,0,0,1,0,0
,,Elkhart,2,1,0,0,1,0,0
,State Police Agencies,,4,1,0,1,0,0,0
,,State Police:,,,,,,,
,,Henry County,1,1,0,0,0,0,0
,,Knox County,1,0,0,0,0,0,0
,,Lake County,1,0,0,0,0,0,0
,,Monroe County,0,0,0,1,0,0,0
,,Perry County,1,0,0,0,0,0,0
Iowa,Total,,5,1,3,1,0,0,0
,Cities,,2,1,2,1,0,0,0
,,Altoona,0,0,1,0,0,0,0
,,Ames,1,0,0,1,0,0,0
,,Grinnell,0,0,1,0,0,0,0
,,Indianola,0,1,0,0,0,0,0
,,Waterloo,1,0,0,0,0,0,0
,Universities and Colleges,,0,0,1,0,0,0,0
,,Iowa State University,0,0,1,0,0,0,0
,Metropolitan Counties,,2,0,0,0,0,0,0
,,Mills,1,0,0,0,0,0,0
,,Scott,1,0,0,0,0,0,0
,Nonmetropolitan Counties,,1,0,0,0,0,0,0
,,Ida,1,0,0,0,0,0,0
Kansas,Total,,38,6,13,5,2,0,0
,Cities,,36,5,10,3,1,0,0
,,Andover,0,1,1,0,0,0,0
,,Arkansas City,2,0,0,0,0,0,0
,,Belleville,1,0,0,0,0,0,0
,,Cheney,1,0,0,0,0,0,0
,,Dodge City,1,0,0,0,0,0,0
,,Gardner,0,1,0,0,0,0,0
,,Hays,1,0,1,0,0,0,0
,,Hutchinson,3,1,0,0,0,0,0
,,Iola,1,0,1,0,0,0,0
,,Lansing,2,0,0,0,0,0,0
,,Larned,1,0,0,0,0,0,0
,,Lawrence,5,2,1,2,0,0,0
,,Leavenworth,1,0,0,0,0,0,0
,,Lenexa,1,0,0,0,0,0,0
,,Louisburg,0,0,1,0,0,0,0
,,McPherson,1,0,1,0,1,0,0
,,Mulvane,1,0,0,0,0,0,0
,,Parsons,2,0,0,0,0,0,0
,,Pittsburg,1,0,0,0,0,0,0
,,Pratt,1,0,0,0,0,0,0
,,Protection,0,0,1,0,0,0,0
,,Wichita,10,0,3,1,0,0,0
,Metropolitan Counties,,1,0,2,2,1,0,0
,,Douglas,0,0,1,1,0,0,0
,,Leavenworth,0,0,0,0,1,0,0
,,Riley County Police Department,0,0,1,0,0,0,0
,,Shawnee,1,0,0,0,0,0,0
,,Wyandotte,0,0,0,1,0,0,0
,Nonmetropolitan Counties,,1,1,1,0,0,0,0
,,Ellis,0,0,1,0,0,0,0
,,Greenwood,1,0,0,0,0,0,0
,,Marshall,0,1,0,0,0,0,0
Kentucky,Total,,113,5,31,15,7,0,0
,Cities,,87,4,26,12,4,0,0
,,Ashland,3,0,0,0,0,0,0
,,Bellevue,0,0,1,0,0,0,0
,,Berea,0,1,1,0,0,0,0
,,Bowling Green,4,0,2,2,0,0,0
,,Burkesville,1,0,0,0,0,0,0
,,Cadiz,0,0,2,0,0,0,0
,,Carlisle,1,0,0,0,0,0,0
,,Carrollton,1,0,0,0,0,0,0
,,Corbin,2,0,0,0,0,0,0
,,Covington,3,0,3,3,0,0,0
,,Cynthiana,1,0,0,0,0,0,0
,,Danville,0,0,1,0,0,0,0
,,Elizabethtown,2,0,0,0,0,0,0
,,Elkton,1,0,0,0,0,0,0
,,Elsmere,1,0,0,0,0,0,0
,,Flatwoods,1,0,0,0,0,0,0
,,Florence,1,0,0,0,2,0,0
,,Frankfort,1,0,1,1,0,0,0
,,Georgetown,2,0,0,0,0,0,0
,,Harrodsburg,1,0,0,0,0,0,0
,,Hazard,1,0,0,0,0,0,0
,,Henderson,2,0,0,0,0,0,0
,,Hillview,0,0,1,0,0,0,0
,,Hopkinsville,1,0,1,0,0,0,0
,,Leitchfield,1,0,0,0,0,0,0
,,Lexington,16,1,5,4,1,0,0
,,Louisville Metro,7,0,4,0,0,0,0
,,Ludlow,1,0,0,0,1,0,0
,,Madisonville,1,0,0,0,0,0,0
,,Morehead,1,0,0,0,0,0,0
,,Mount Washington,1,0,0,0,0,0,0
,,Murray,1,0,1,0,0,0,0
,,Newport,5,0,0,0,0,0,0
,,Oak Grove,1,0,0,0,0,0,0
,,Owensboro,2,0,1,1,0,0,0
,,Paducah,1,0,0,0,0,0,0
,,Paris,1,0,0,0,0,0,0
,,Radcliff,2,0,0,0,0,0,0
,,Ravenna,1,0,0,0,0,0,0
,,Richmond,1,1,1,0,0,0,0
,,Russellville,1,0,1,0,0,0,0
,,Shelbyville,4,0,0,0,0,0,0
,,Shepherdsville,0,1,0,0,0,0,0
,,Shively,0,0,0,1,0,0,0
,,St. Matthews,2,0,0,0,0,0,0
,,Vine Grove,1,0,0,0,0,0,0
,,Williamsburg,1,0,0,0,0,0,0
,,Winchester,5,0,0,0,0,0,0
,Universities and Colleges,,1,0,1,0,0,0,0
,,Morehead State University,1,0,0,0,0,0,0
,,University of Louisville,0,0,1,0,0,0,0
,Metropolitan Counties,,11,0,2,1,2,0,0
,,Boone,3,0,0,1,0,0,0
,,Bullitt,3,0,1,0,0,0,0
,,Christian,1,0,0,0,1,0,0
,,Daviess,0,0,1,0,0,0,0
,,Hardin,1,0,0,0,0,0,0
,,Meade,1,0,0,0,1,0,0
,,Shelby,1,0,0,0,0,0,0
,,Trigg,1,0,0,0,0,0,0
,Nonmetropolitan Counties,,8,1,0,1,1,0,0
,,Calloway,1,0,0,0,0,0,0
,,Clay,0,1,0,0,0,0,0
,,Hopkins,1,0,0,0,0,0,0
,,Knott,0,0,0,1,0,0,0
,,Knox,1,0,0,0,0,0,0
,,Lyon,1,0,0,0,0,0,0
,,Marshall,1,0,0,0,0,0,0
,,Nelson,1,0,0,0,0,0,0
,,Ohio,1,0,0,0,1,0,0
,,Perry,1,0,0,0,0,0,0
,State Police Agencies,,6,0,2,0,0,0,0
,,State Police:,,,,,,,
,,Campbellsburg,1,0,0,0,0,0,0
,,Dry Ridge,0,0,1,0,0,0,0
,,Frankfort,0,0,1,0,0,0,0
,,Henderson,1,0,0,0,0,0,0
,,Madisonville,1,0,0,0,0,0,0
,,Morehead,1,0,0,0,0,0,0
,,Pikeville,1,0,0,0,0,0,0
,,Richmond,1,0,0,0,0,0,0
,Other Agencies,,0,0,0,1,0,0,0
,,Montgomery County School District,0,0,0,1,0,0,0
Louisiana,Total,,7,6,8,1,0,0,0
,Cities,,1,1,5,1,0,0,0
,,New Orleans,1,1,5,1,0,0,0
,Universities and Colleges,,1,0,0,0,0,0,0
,,University of New Orleans,1,0,0,0,0,0,0
,Metropolitan Counties,,5,5,3,0,0,0,0
,,Ascension,3,1,0,0,0,0,0
,,Calcasieu,0,4,3,0,0,0,0
,,Iberia,1,0,0,0,0,0,0
,,Jefferson,1,0,0,0,0,0,0
Maine,Total,,12,3,10,0,0,0,0
,Cities,,10,3,9,0,0,0,0
,,Auburn,2,0,0,0,0,0,0
,,Belfast,0,0,1,0,0,0,0
,,Cape Elizabeth,1,0,0,0,0,0,0
,,Ellsworth,1,0,0,0,0,0,0
,,Lewiston,0,0,1,0,0,0,0
,,Machias3,0,0,1,0,0,0,0
,,Mexico,1,0,0,0,0,0,0
,,Old Orchard Beach,1,0,0,0,0,0,0
,,Portland,1,1,0,0,0,0,0
,,Scarborough,0,0,1,0,0,0,0
,,Searsport,0,0,1,0,0,0,0
,,Skowhegan,1,0,2,0,0,0,0
,,South Portland,1,2,2,0,0,0,0
,,Wiscasset,1,0,0,0,0,0,0
,Metropolitan Counties,,0,0,1,0,0,0,0
,,Sagadahoc,0,0,1,0,0,0,0
,Nonmetropolitan Counties,,1,0,0,0,0,0,0
,,Waldo,1,0,0,0,0,0,0
,State Police Agencies,,1,0,0,0,0,0,0
,,"State Police, Somerset County",1,0,0,0,0,0,0
Maryland,Total,,26,15,7,3,0,0,0
,Cities,,3,3,1,1,0,0,0
,,Aberdeen,0,1,0,0,0,0,0
,,Annapolis,0,1,0,0,0,0,0
,,Baltimore,0,1,0,1,0,0,0
,,Bel Air,1,0,0,0,0,0,0
,,Frederick,2,0,0,0,0,0,0
,,Greenbelt,0,0,1,0,0,0,0
,Universities and Colleges,,2,0,1,0,0,0,0
,,St. Mary's College,1,0,1,0,0,0,0
,,Towson University,1,0,0,0,0,0,0
,Metropolitan Counties,,19,8,5,2,0,0,0
,,Baltimore County Police Department,3,2,0,0,0,0,0
,,Carroll,2,0,0,0,0,0,0
,,Charles,0,0,1,0,0,0,0
,,Frederick,3,2,0,0,0,0,0
,,Harford,1,0,0,0,0,0,0
,,Howard County Police Department,4,0,1,1,0,0,0
,,Montgomery County Police Department,6,4,2,1,0,0,0
,,Prince George's County Police Department,0,0,1,0,0,0,0
,Nonmetropolitan Counties,,1,0,0,0,0,0,0
,,Garrett,1,0,0,0,0,0,0
,State Police Agencies,,1,2,0,0,0,0,0
,,State Police:,,,,,,,
,,Frederick County,0,2,0,0,0,0,0
,,Queen Anne's County,1,0,0,0,0,0,0
,Other Agencies,,0,2,0,0,0,0,0
,,State Fire Marshal,0,2,0,0,0,0,0
Massachusetts,Total,,146,64,91,42,3,1,3
,Cities,,142,57,86,40,3,0,3
,,Acton,3,0,0,0,0,0,0
,,Amesbury,0,1,0,0,0,0,0
,,Amherst,1,0,0,0,0,0,0
,,Attleboro,1,0,0,1,0,0,0
,,Bedford,1,2,0,0,0,0,0
,,Belmont,0,0,0,1,0,0,0
,,Beverly,0,1,0,0,0,0,0
,,Billerica,0,1,0,0,0,0,0
,,Bolton,0,0,1,0,0,0,0
,,Boston,73,21,53,15,0,0,3
,,Braintree,3,0,0,0,0,0,0
,,Brookline,0,1,0,0,0,0,0
,,Cambridge,4,3,3,3,0,0,0
,,Chelsea,1,0,0,0,0,0,0
,,Danvers,0,1,0,0,0,0,0
,,Douglas,0,0,1,0,0,0,0
,,Dover,0,0,1,0,0,0,0
,,Dracut,4,1,0,0,0,0,0
,,East Longmeadow,2,0,3,0,0,0,0
,,Edgartown,1,0,0,0,0,0,0
,,Fall River,1,0,0,0,0,0,0
,,Framingham,2,0,0,0,0,0,0
,,Greenfield,0,0,1,0,0,0,0
,,Haverhill,2,1,3,2,0,0,0
,,Kingston,0,1,0,0,0,0,0
,,Lakeville,0,1,0,0,0,0,0
,,Lincoln,0,0,1,0,0,0,0
,,Lowell,0,0,1,1,0,0,0
,,Lunenburg,1,0,0,0,0,0,0
,,Lynn,3,2,5,4,2,0,0
,,Malden,1,2,0,0,0,0,0
,,Marblehead,1,0,0,0,0,0,0
,,Marlborough,0,0,0,1,0,0,0
,,Medford,5,3,0,1,1,0,0
,,Middleboro,1,0,0,0,0,0,0
,,Milton,1,2,0,0,0,0,0
,,Monson,0,0,1,0,0,0,0
,,Needham,2,0,0,0,0,0,0
,,New Bedford,0,0,0,1,0,0,0
,,Newburyport,0,0,1,0,0,0,0
,,Norton,2,0,0,0,0,0,0
,,Peabody,0,0,0,2,0,0,0
,,Pittsfield,0,0,1,0,0,0,0
,,Plainville,1,0,0,0,0,0,0
,,Plymouth,9,1,0,0,0,0,0
,,Provincetown,0,1,0,0,0,0,0
,,Quincy,6,3,0,4,0,0,0
,,Randolph,0,0,2,0,0,0,0
,,Reading,1,0,0,0,0,0,0
,,Revere,0,2,0,1,0,0,0
,,Salem,1,0,0,0,0,0,0
,,Saugus,0,0,1,0,0,0,0
,,Sharon,0,1,0,0,0,0,0
,,Shrewsbury,0,0,1,0,0,0,0
,,Somerville,0,0,1,1,0,0,0
,,South Hadley,1,0,1,0,0,0,0
,,Spencer,0,1,0,0,0,0,0
,,Springfield,1,0,2,1,0,0,0
,,Stoughton,0,1,0,0,0,0,0
,,Swampscott,1,0,0,0,0,0,0
,,Taunton,2,0,0,0,0,0,0
,,Waltham,0,1,1,0,0,0,0
,,Watertown,0,0,0,1,0,0,0
,,Westborough,1,0,0,0,0,0,0
,,West Boylston,1,0,0,0,0,0,0
,,West Springfield,0,1,0,0,0,0,0
,,Williamstown,0,1,0,0,0,0,0
,,Worcester,1,0,1,0,0,0,0
,Universities and Colleges,,4,7,5,2,0,1,0
,,Boston College,0,0,1,0,0,0,0
,,Boston University,0,0,0,1,0,0,0
,,Bridgewater State University,1,0,0,0,0,0,0
,,Dean College,0,1,0,0,0,0,0
,,Emerson College,1,0,0,0,0,0,0
,,Massachusetts College of Liberal Arts,0,0,1,0,0,0,0
,,Northeastern University,0,1,1,0,0,1,0
,,"Tufts University, Medford",0,1,1,0,0,0,0
,,University of Massachusetts:,,,,,,,
,,Amherst,2,3,1,1,0,0,0
,,"Harbor Campus, Boston",0,1,0,0,0,0,0
Michigan,Total,,211,44,49,18,4,3,0
,Cities,,161,29,32,12,3,2,0
,,Adrian,0,0,1,0,0,0,0
,,Albion,1,0,0,0,0,0,0
,,Alpena,1,1,0,0,0,0,0
,,Ann Arbor,1,1,1,0,0,0,0
,,Bangor,0,0,0,0,0,1,0
,,Bath Township,1,0,0,0,0,0,0
,,Battle Creek,0,1,0,0,0,0,0
,,Benton Harbor,3,0,0,0,0,0,0
,,Benton Township,2,0,0,0,0,0,0
,,Birmingham,1,1,0,0,0,0,0
,,Blackman Township,3,0,0,0,0,0,0
,,Bloomfield Township,1,1,0,0,0,0,0
,,Brownstown Township,1,0,0,0,0,0,0
,,Buchanan,1,0,0,0,0,0,0
,,Buena Vista Township,0,0,1,0,0,0,0
,,Burton,2,0,0,0,0,0,0
,,Canton Township,1,1,0,0,0,0,0
,,Charlotte,1,0,0,0,0,0,0
,,Chesterfield Township,0,0,0,1,0,0,0
,,Chocolay Township,0,0,1,0,0,0,0
,,Clare,1,0,0,0,0,0,0
,,Clinton Township,4,0,0,0,0,0,0
,,Coldwater,1,0,2,0,0,0,0
,,Dearborn,7,2,2,3,0,0,0
,,Detroit,2,0,1,0,0,0,0
,,East Grand Rapids,1,0,0,0,0,0,0
,,Eastpointe,1,0,0,1,0,0,0
,,Elk Rapids,1,0,0,0,0,0,0
,,Escanaba,1,0,0,0,0,0,0
,,Essexville,0,1,0,0,0,0,0
,,Farmington,1,0,0,0,0,0,0
,,Ferndale,0,0,1,0,0,0,0
,,Flint Township,2,0,0,0,0,0,0
,,Flushing,0,0,1,0,0,0,0
,,Forsyth Township,1,0,0,0,0,0,0
,,Franklin,2,0,0,0,0,0,0
,,Fraser,2,0,0,0,0,0,0
,,Fruitport,1,0,0,0,0,0,0
,,Garden City,1,0,0,0,0,0,0
,,Gerrish Township,1,0,0,0,0,0,0
,,Grand Blanc Township,2,0,0,0,0,0,0
,,Grand Rapids,2,0,1,0,0,0,0
,,Grandville,1,0,1,1,1,0,0
,,Grayling,1,0,0,0,0,0,0
,,Grosse Pointe Park,1,0,0,0,0,0,0
,,Grosse Pointe Woods,0,0,0,1,0,0,0
,,Hamtramck,1,0,1,0,0,0,0
,,Harper Woods,1,0,0,0,0,0,0
,,Hartford,3,0,0,0,0,0,0
,,Hazel Park,1,0,0,0,0,0,0
,,Highland Park,0,1,0,0,0,0,0
,,Holland,1,0,0,1,0,0,0
,,Huntington Woods,0,2,0,0,0,0,0
,,Inkster,3,0,0,0,0,0,0
,,Jackson,1,0,0,0,0,0,0
,,Jonesville,1,0,0,0,0,0,0
,,Kalamazoo,4,0,0,0,0,0,0
,,Kentwood,2,0,0,0,0,0,0
,,Lake Orion,1,0,0,0,0,0,0
,,Lansing,2,1,1,1,0,0,0
,,Lincoln Township,1,0,0,0,0,0,0
,,Livonia,0,0,1,0,0,0,0
,,Mackinac Island,0,1,0,0,0,0,0
,,Madison Heights,4,1,0,0,0,0,0
,,Madison Township,0,1,0,0,0,0,0
,,Marshall,1,0,0,0,0,0,0
,,Meridian Township,4,0,0,0,0,0,0
,,Midland,0,0,2,0,0,0,0
,,Milan,1,0,0,0,0,0,0
,,Milford,0,1,0,0,0,0,0
,,Monroe,2,0,0,0,0,0,0
,,Mount Morris Township,2,0,0,0,0,0,0
,,Mount Pleasant,3,0,1,0,1,0,0
,,Muskegon,3,0,0,0,0,0,0
,,Muskegon Heights,6,0,0,0,0,0,0
,,Newaygo,1,0,0,0,0,0,0
,,Northfield Township,1,0,0,0,0,0,0
,,Northville Township,1,0,0,0,0,0,0
,,Norton Shores,1,0,1,0,0,0,0
,,Novi,1,0,0,0,0,0,0
,,Ontwa Township-Edwardsburg,1,0,0,0,0,0,0
,,Owosso,1,0,0,0,0,0,0
,,Pittsfield Township,1,0,2,0,0,0,0
,,Portage,1,0,0,0,0,0,0
,,Port Huron,0,0,2,0,0,0,0
,,Romeo,2,0,0,0,0,0,0
,,Roseville,5,0,1,0,0,0,0
,,Royal Oak,1,0,0,0,0,0,0
,,Saginaw,4,0,2,0,0,0,0
,,Saginaw Township,0,1,0,0,0,0,0
,,Saline,1,0,0,0,0,0,0
,,Sault Ste. Marie,1,1,0,0,0,0,0
,,Shelby Township,2,0,0,0,0,0,0
,,Southfield,2,1,0,0,0,0,0
,,Sparta,0,2,0,0,0,0,0
,,St. Joseph,1,0,0,0,0,0,0
,,Sumpter Township,1,0,1,0,0,0,0
,,Taylor,1,0,2,0,0,0,0
,,Three Rivers,1,0,0,0,0,0,0
,,Traverse City,0,0,1,0,0,0,0
,,Trenton,1,0,0,0,0,0,0
,,Troy,2,1,0,0,0,0,0
,,Utica,2,0,0,0,0,0,0
,,Van Buren Township,1,1,0,0,0,0,0
,,Warren,7,1,0,0,0,1,0
,,Waterford Township,0,1,0,0,0,0,0
,,Wayland,0,0,0,0,1,0,0
,,Wayne,4,0,0,0,0,0,0
,,West Bloomfield Township,5,1,1,2,0,0,0
,,Westland,1,0,0,1,0,0,0
,,White Lake Township,0,1,0,0,0,0,0
,,Woodhaven,1,0,0,0,0,0,0
,,Wyoming,1,1,0,0,0,0,0
,Universities and Colleges,,4,4,4,1,1,1,0
,,Eastern Michigan University,1,0,0,0,0,0,0
,,Michigan State University,2,0,2,0,0,1,0
,,Oakland University3,0,3,0,1,1,0,0
,,Saginaw Valley State University,1,0,0,0,0,0,0
,,"University of Michigan, Ann Arbor",0,1,1,0,0,0,0
,,Western Michigan University,0,0,1,0,0,0,0
,Metropolitan Counties,,36,9,9,4,0,0,0
,,Eaton,0,1,0,0,0,0,0
,,Ingham,1,0,0,0,0,0,0
,,Jackson,1,1,0,0,0,0,0
,,Kent,2,0,1,0,0,0,0
,,Livingston,1,0,0,0,0,0,0
,,Macomb,10,1,1,1,0,0,0
,,Monroe,4,1,1,0,0,0,0
,,Oakland,7,2,5,3,0,0,0
,,Ottawa,4,0,0,0,0,0,0
,,Van Buren,3,0,1,0,0,0,0
,,Washtenaw,3,3,0,0,0,0,0
,Nonmetropolitan Counties,,5,0,1,1,0,0,0
,,Missaukee,1,0,0,1,0,0,0
,,Ogemaw,2,0,0,0,0,0,0
,,Otsego,0,0,1,0,0,0,0
,,Tuscola,2,0,0,0,0,0,0
,State Police Agencies,,2,2,3,0,0,0,0
,,State Police:,,,,,,,
,,Cass County,1,0,0,0,0,0,0
,,Genesee County,1,0,1,0,0,0,0
,,Jackson County,0,1,0,0,0,0,0
,,Oakland County,0,1,0,0,0,0,0
,,Van Buren County,0,0,2,0,0,0,0
,Other Agencies,,3,0,0,0,0,0,0
,,Gerald R. Ford International Airport,1,0,0,0,0,0,0
,,"Huron-Clinton Metropolitan Authority, Lower Huron Metropark",2,0,0,0,0,0,0
Minnesota,Total,,83,19,30,11,1,0,0
,Cities,,80,19,28,11,1,0,0
,,Bemidji,0,0,1,0,0,0,0
,,Blaine,4,0,0,0,0,0,0
,,Brooklyn Park,3,0,0,0,0,0,0
,,Chaska,1,0,0,0,0,0,0
,,Columbia Heights,1,0,0,1,0,0,0
,,Crosby,1,0,0,0,0,0,0
,,Duluth,1,0,0,0,0,0,0
,,Eagan,0,2,0,0,0,0,0
,,Eden Prairie,1,0,0,0,0,0,0
,,Elk River,1,0,0,0,0,0,0
,,Faribault,0,0,1,0,0,0,0
,,Inver Grove Heights,0,1,0,0,0,0,0
,,Lino Lakes,0,0,1,0,0,0,0
,,Mankato,2,2,2,0,0,0,0
,,Maple Grove,0,0,1,0,0,0,0
,,Marshall,1,0,0,1,0,0,0
,,Mendota Heights,0,0,1,0,0,0,0
,,Minneapolis,20,4,11,3,1,0,0
,,Moorhead,1,0,1,0,0,0,0
,,Plymouth,3,2,2,0,0,0,0
,,Rochester,2,0,0,2,0,0,0
,,Roseville,2,0,1,0,0,0,0
,,Savage,0,0,1,0,0,0,0
,,Shakopee,0,0,1,0,0,0,0
,,Shoreview,0,0,1,0,0,0,0
,,Spring Lake Park,0,0,0,1,0,0,0
,,St. Anthony,1,0,0,0,0,0,0
,,St. Cloud,6,0,0,2,0,0,0
,,St. Louis Park,3,4,0,0,0,0,0
,,St. Paul,24,4,2,0,0,0,0
,,Wadena,0,0,1,0,0,0,0
,,Waite Park,0,0,0,1,0,0,0
,,West St. Paul,1,0,0,0,0,0,0
,,Woodbury,1,0,0,0,0,0,0
,Universities and Colleges,,1,0,0,0,0,0,0
,,"University of Minnesota, Morris",1,0,0,0,0,0,0
,Metropolitan Counties,,1,0,1,0,0,0,0
,,Hennepin,0,0,1,0,0,0,0
,,Mille Lacs,1,0,0,0,0,0,0
,Nonmetropolitan Counties,,1,0,1,0,0,0,0
,,Mahnomen,0,0,1,0,0,0,0
,,Rice,1,0,0,0,0,0,0
Mississippi,Total,,2,0,0,2,0,0,0
,Cities,,2,0,0,2,0,0,0
,,Biloxi,1,0,0,0,0,0,0
,,Gulfport,1,0,0,2,0,0,0
Missouri,Total,,51,11,27,6,1,4,2
,Cities,,44,10,23,6,1,4,2
,,Branson,0,0,0,1,0,0,0
,,Clayton,0,1,0,0,0,0,0
,,Grandview,1,0,0,0,0,0,0
,,Independence,1,0,1,0,0,0,0
,,Joplin,2,0,0,0,0,0,0
,,Kansas City,30,7,14,5,1,4,2
,,Raytown,1,0,0,0,0,0,0
,,Springfield,1,1,1,0,0,0,0
,,St. Charles,1,0,0,0,0,0,0
,,St. Joseph,2,0,0,0,0,0,0
,,St. Louis,4,1,7,0,0,0,0
,,University City,1,0,0,0,0,0,0
,Universities and Colleges,,2,0,0,0,0,0,0
,,"University of Missouri, Columbia",2,0,0,0,0,0,0
,Metropolitan Counties,,4,0,3,0,0,0,0
,,De Kalb,1,0,0,0,0,0,0
,,Jefferson,0,0,1,0,0,0,0
,,St. Charles,2,0,2,0,0,0,0
,,St. Louis County Police Department,1,0,0,0,0,0,0
,Nonmetropolitan Counties,,1,1,1,0,0,0,0
,,Carroll,0,1,0,0,0,0,0
,,Henry,0,0,1,0,0,0,0
,,Laclede,1,0,0,0,0,0,0
Montana,Total,,25,2,3,1,0,0,0
,Cities,,21,2,2,0,0,0,0
,,Billings,5,1,1,0,0,0,0
,,Columbia Falls,1,0,0,0,0,0,0
,,Great Falls,1,0,0,0,0,0,0
,,Hamilton,0,1,0,0,0,0,0
,,Helena,11,0,0,0,0,0,0
,,Kalispell,2,0,0,0,0,0,0
,,Missoula,1,0,1,0,0,0,0
,Universities and Colleges,,1,0,0,0,0,0,0
,,Montana State University,1,0,0,0,0,0,0
,Metropolitan Counties,,2,0,0,1,0,0,0
,,Cascade,1,0,0,1,0,0,0
,,Missoula,1,0,0,0,0,0,0
,Nonmetropolitan Counties,,1,0,1,0,0,0,0
,,Park,0,0,1,0,0,0,0
,,Silver Bow,1,0,0,0,0,0,0
Nebraska,Total,,17,5,8,6,0,0,0
,Cities,,14,5,8,5,0,0,0
,,Columbus,0,0,1,0,0,0,0
,,Cozad,0,0,0,1,0,0,0
,,Grand Island,0,0,0,2,0,0,0
,,Kearney,0,1,0,0,0,0,0
,,Lexington,2,0,0,0,0,0,0
,,Lincoln,8,2,4,1,0,0,0
,,Omaha,4,2,2,1,0,0,0
,,Sidney,0,0,1,0,0,0,0
,Metropolitan Counties,,0,0,0,1,0,0,0
,,Lancaster,0,0,0,1,0,0,0
,Nonmetropolitan Counties,,3,0,0,0,0,0,0
,,Dawson,3,0,0,0,0,0,0
Nevada,Total,,31,10,25,7,0,0,0
,Cities,,31,10,25,7,0,0,0
,,Carlin,1,0,0,0,0,0,0
,,Henderson,1,0,0,0,0,0,0
,,Las Vegas Metropolitan Police Department,27,9,23,6,0,0,0
,,North Las Vegas,0,0,1,1,0,0,0
,,Reno,2,1,1,0,0, ,0
New Hampshire,Total,,11,5,4,1,0,0,0
,Cities,,10,5,3,1,0,0,0
,,Ashland,1,0,0,0,0,0,0
,,Bedford,1,0,0,0,0,0,0
,,Concord,2,1,0,0,0,0,0
,,Conway,0,0,1,0,0,0,0
,,Farmington,1,0,0,0,0,0,0
,,Hampton,1,0,0,0,0,0,0
,,Hampton Falls,0,0,0,1,0,0,0
,,Hanover,0,0,1,0,0,0,0
,,Keene,0,1,0,0,0,0,0
,,Londonderry,0,1,0,0,0,0,0
,,Manchester,1,0,0,0,0,0,0
,,Newbury,0,0,1,0,0,0,0
,,Pelham,1,2,0,0,0,0,0
,,Plaistow,1,0,0,0,0,0,0
,,Windham,1,0,0,0,0,0,0
,Universities and Colleges,,1,0,1,0,0,0,0
,,University of New Hampshire,1,0,1,0,0,,
New Jersey,Total,,187,121,64,38,4,0,0
,Cities,,180,121,61,38,4,0,0
,,Aberdeen Township,8,1,2,0,0,0,0
,,Allenhurst,0,2,0,0,0,0,0
,,Asbury Park,1,0,3,0,0,0,0
,,Bedminster Township,1,1,0,0,0,0,0
,,Belleville,0,0,2,0,0,0,0
,,Brick Township,2,1,0,1,0,0,0
,,Burlington,0,0,0,0,1,0,0
,,Burlington Township,0,1,0,0,0,0,0
,,Caldwell,1,0,0,0,0,0,0
,,Cinnaminson Township,1,0,0,0,0,0,0
,,Clark Township,0,1,0,0,0,0,0
,,Closter,0,0,1,0,0,0,0
,,Colts Neck Township,3,0,0,0,0,0,0
,,Cranford Township,0,1,0,0,0,0,0
,,Delran Township,2,0,0,0,0,0,0
,,Eastampton Township,0,0,0,1,0,0,0
,,East Brunswick Township,1,10,2,1,0,0,0
,,East Hanover Township,0,1,0,0,0,0,0
,,East Orange,0,1,0,0,0,0,0
,,East Windsor Township,0,1,0,0,0,0,0
,,Egg Harbor Township,2,0,0,1,0,0,0
,,Elmwood Park,1,0,0,0,1,0,0
,,Evesham Township,7,1,0,0,0,0,0
,,Ewing Township,1,0,2,0,0,0,0
,,Fairview,0,0,0,1,0,0,0
,,Fanwood,0,1,0,0,0,0,0
,,Fort Lee,2,0,1,0,0,0,0
,,Franklin Lakes,0,1,0,1,0,0,0
,,"Franklin Township, Gloucester County",0,1,0,0,0,0,0
,,Freehold Township,0,1,0,0,0,0,0
,,Galloway Township,0,0,1,0,0,0,0
,,Glassboro,8,0,2,2,0,0,0
,,Glen Ridge,0,1,0,0,0,0,0
,,Gloucester Township,2,0,0,0,0,0,0
,,Green Brook Township,0,2,0,0,0,0,0
,,"Greenwich Township, Warren County",1,0,0,0,0,0,0
,,Haddonfield,0,1,0,0,0,0,0
,,Haddon Township,0,0,0,1,0,0,0
,,Hardyston Township,0,0,1,0,0,0,0
,,Harrison,0,0,1,0,0,0,0
,,Harrison Township,1,0,0,0,0,0,0
,,Highland Park,2,3,3,0,0,0,0
,,Hightstown,1,1,0,1,0,0,0
,,Hillsborough Township,1,0,0,0,0,0,0
,,Hoboken,3,3,1,0,0,0,0
,,Holmdel Township,2,3,0,0,0,0,0
,,Howell Township,5,6,4,3,0,0,0
,,Irvington,0,0,1,0,0,0,0
,,Jackson Township,2,1,0,0,0,0,0
,,Jersey City,2,0,2,1,0,0,0
,,Keansburg,3,0,1,0,0,0,0
,,Lacey Township,3,0,2,2,1,0,0
,,Lakewood Township,5,15,0,3,0,0,0
,,"Lawrence Township, Mercer County",0,0,0,1,0,0,0
,,Little Egg Harbor Township,3,1,0,2,0,0,0
,,Little Falls Township,0,0,1,0,0,0,0
,,Livingston Township,2,0,0,0,0,0,0
,,Logan Township,1,0,0,0,0,0,0
,,Long Beach Township,0,1,0,0,0,0,0
,,Lower Township,1,0,0,0,0,0,0
,,Lumberton Township,2,0,0,0,0,0,0
,,Mahwah Township,0,1,0,0,0,0,0
,,Manalapan Township,1,0,0,2,0,0,0
,,Manasquan,1,2,0,0,0,0,0
,,Manchester Township,3,0,0,0,0,0,0
,,Maple Shade Township,1,0,0,0,0,0,0
,,Margate City,1,0,0,0,0,0,0
,,Marlboro Township,2,0,0,0,0,0,0
,,Medford Lakes,0,0,1,0,0,0,0
,,Medford Township,4,2,1,0,0,0,0
,,Mendham,0,1,0,0,0,0,0
,,Middlesex,1,0,0,0,0,0,0
,,Middletown Township,1,0,0,0,0,0,0
,,"Monroe Township, Middlesex County",8,1,1,1,0,0,0
,,Montclair,4,2,0,0,0,0,0
,,Montgomery Township,1,3,0,0,0,0,0
,,Moorestown Township,1,0,0,0,0,0,0
,,Morris Township,0,1,0,0,0,0,0
,,Mount Laurel Township,0,0,0,1,0,0,0
,,Mount Olive Township,0,0,0,2,0,0,0
,,Neptune Township,10,0,3,1,0,0,0
,,Newark,2,0,1,0,0,0,0
,,New Brunswick,3,1,1,0,0,0,0
,,New Providence,1,2,0,0,0,0,0
,,North Brunswick Township,1,0,1,2,0,0,0
,,Nutley Township,2,1,0,0,0,0,0
,,Oakland,1,2,2,0,0,0,0
,,Oceanport,0,1,0,0,0,0,0
,,Old Bridge Township,1,0,1,0,0,0,0
,,Palmyra,1,0,0,0,0,0,0
,,Paramus,0,0,0,1,0,0,0
,,Parsippany-Troy Hills Township,0,2,0,0,0,0,0
,,Passaic,2,2,0,1,0,0,0
,,Paulsboro,1,0,0,0,0,0,0
,,Pemberton Township,1,0,0,0,0,0,0
,,Pennsauken Township,0,1,0,0,0,0,0
,,Pequannock Township,0,1,0,0,0,0,0
,,Phillipsburg,0,1,0,1,0,0,0
,,Pine Hill,1,0,0,0,0,0,0
,,Piscataway Township,0,2,2,0,0,0,0
,,Pitman,6,1,0,0,0,0,0
,,Plainsboro Township,0,0,0,0,1,0,0
,,Point Pleasant,4,1,0,1,0,0,0
,,Randolph Township,1,0,2,0,0,0,0
,,Raritan,0,0,2,0,0,0,0
,,Readington Township,0,1,0,0,0,0,0
,,Robbinsville Township,2,1,0,0,0,0,0
,,Runnemede,0,1,0,0,0,0,0
,,Salem,1,0,0,0,0,0,0
,,Secaucus,0,2,2,0,0,0,0
,,Shrewsbury,2,0,0,0,0,0,0
,,Somerville,0,1,0,0,0,0,0
,,South Brunswick Township,0,4,1,0,0,0,0
,,South Orange,1,0,1,0,0,0,0
,,South Plainfield,1,0,0,1,0,0,0
,,Spotswood,0,2,0,0,0,0,0
,,Toms River Township,0,1,0,0,0,0,0
,,Totowa,1,1,1,0,0,0,0
,,Trenton,1,0,1,0,0,0,0
,,Union Beach,0,0,0,1,0,0,0
,,Union City,0,1,1,0,0,0,0
,,Verona,0,1,0,0,0,0,0
,,Vineland,0,1,1,0,0,0,0
,,Voorhees Township,2,1,0,0,0,0,0
,,Washington,3,1,0,0,0,0,0
,,"Washington Township, Gloucester County",2,0,0,0,0,0,0
,,"Washington Township, Warren County",0,0,1,0,0,0,0
,,Watchung,0,1,0,0,0,0,0
,,Weehawken Township,1,0,1,0,0,0,0
,,West Caldwell Township,0,1,0,0,0,0,0
,,West Deptford Township,3,1,0,1,0,0,0
,,West Long Branch,0,1,0,0,0,0,0
,,West Milford Township,3,0,0,0,0,0,0
,,Woodbridge Township,1,2,0,0,0,0,0
,,Woodbury,4,1,0,0,0,0,0
,,Woodbury Heights,1,0,0,0,0,0,0
,,Woolwich Township,1,0,0,0,0,0,0
,Metropolitan Counties,,6,0,2,0,0,0,0
,,Camden County Police Department,6,0,2,0,0,0,0
,State Police Agencies,,1,0,1,0,0,0,0
,,State Police:,,,,,,,
,,Ocean County,0,0,1,0,0,0,0
,,Salem County,1,0,0,0,0,0,0
New Mexico,Total,,6,1,4,1,0,0,0
,Cities,,6,1,4,1,0,0,0
,,Albuquerque,5,1,4,0,0,0,0
,,Belen,0,0,0,1,0,0,0
,,Los Lunas,1,0,0,0,0,0,0
New York,Total,,150,294,122,36,2,6,5
,Cities,,95,182,107,26,2,4,3
,,Albany,1,2,0,0,0,0,0
,,Amherst Town,3,0,0,0,0,0,0
,,Batavia,1,0,0,0,0,0,0
,,Brighton Town,1,0,0,0,0,0,0
,,Buffalo,11,1,2,2,0,1,0
,,Canandaigua,1,0,0,0,0,0,0
,,Clarkstown Town,1,2,0,0,0,0,0
,,Cohoes,1,0,0,0,0,0,0
,,Colonie Town,0,0,1,0,0,0,0
,,Crawford Town,3,4,0,0,0,0,0
,,Croton-on-Hudson Village,0,0,0,0,0,1,0
,,Freeport Village,0,0,0,1,0,0,0
,,Greece Town,3,0,0,0,0,0,0
,,Hamburg Town,1,0,0,0,0,0,0
,,Hyde Park Town,1,0,0,0,0,0,0
,,Ithaca,0,0,1,0,0,0,0
,,Jamestown,2,0,0,0,0,0,0
,,Liberty Village,0,4,0,0,0,0,0
,,Middletown,1,0,0,0,0,0,0
,,Monroe Village,0,2,0,0,0,0,0
,,Mount Vernon,2,0,0,1,0,0,0
,,Newburgh,0,0,1,1,0,0,0
,,New Rochelle,1,2,0,0,0,0,0
,,New York,44,152,99,17,1,0,1
,,Niagara Falls,2,0,0,1,0,0,0
,,North Syracuse Village,2,0,0,0,0,0,0
,,Owego Village,0,0,1,0,0,0,0
,,Poughkeepsie,0,0,0,2,1,0,1
,,Poughkeepsie Town,2,1,1,0,0,0,0
,,Ramapo Town,0,1,0,0,0,0,0
,,Rochester,3,1,0,0,0,0,0
,,Rockville Centre Village,0,1,0,0,0,0,0
,,Salamanca,1,0,0,0,0,0,0
,,Saratoga Springs,1,2,0,0,0,0,0
,,Scarsdale Village,0,1,0,0,0,0,0
,,Schodack Town,0,0,0,0,0,1,0
,,Sleepy Hollow Village,0,2,0,0,0,0,0
,,Spring Valley Village,1,1,0,0,0,0,0
,,Troy,1,0,0,0,0,0,0
,,Tuckahoe Village,0,0,0,1,0,0,0
,,Utica,1,0,0,0,0,0,0
,,West Seneca Town,2,0,0,0,0,0,0
,,Yonkers,1,3,1,0,0,1,1
,Universities and Colleges,,8,9,4,1,0,1,1
,,Cornell University,1,0,1,0,0,0,0
,,Ithaca College,0,0,0,1,0,0,0
,,State University of New York:,,,,,,,
,,Binghamton,0,2,0,0,0,0,1
,,Stony Brook,0,2,0,0,0,0,0
,,State University of New York Agricultural and Technical College:,,,,,,,
,,Alfred,1,0,0,0,0,0,0
,,Cobleskill,0,0,1,0,0,0,0
,,Morrisville,0,0,0,0,0,1,0
,,State University of New York College:,,,,,,,
,,Buffalo,0,0,1,0,0,0,0
,,Cortland,2,1,0,0,0,0,0
,,Fredonia,1,0,0,0,0,0,0
,,New Paltz,2,0,0,0,0,0,0
,,Oneonta,0,2,0,0,0,0,0
,,Oswego,0,1,0,0,0,0,0
,,Potsdam,1,0,1,0,0,0,0
,,Purchase,0,1,0,0,0,0,0
,Metropolitan Counties,,41,79,9,8,0,0,1
,,Broome,1,0,0,0,0,0,0
,,Erie,0,0,0,1,0,0,0
,,Livingston,1,0,0,0,0,0,0
,,Monroe,1,0,0,0,0,0,0
,,Nassau,10,28,2,3,0,0,0
,,Oneida,1,0,0,0,0,0,0
,,Putnam,0,0,0,0,0,0,1
,,Suffolk County Police Department,26,50,7,4,0,0,0
,,Ulster,1,0,0,0,0,0,0
,,Westchester Public Safety,0,1,0,0,0,0,0
,Nonmetropolitan Counties,,1,0,0,0,0,0,0
,,St. Lawrence,1,0,0,0,0,0,0
,State Police Agencies,,3,8,2,1,0,1,0
,,State Police:,,,,,,,
,,Broome County,0,0,1,0,0,0,0
,,Dutchess County,0,1,0,0,0,0,0
,,Franklin County,1,1,0,0,0,0,0
,,Herkimer County,1,0,0,0,0,0,0
,,Jefferson County,0,0,1,0,0,0,0
,,Madison County,0,1,0,0,0,0,0
,,Nassau County,1,0,0,0,0,0,0
,,Orange County,0,1,0,0,0,0,0
,,Otsego County,0,1,0,0,0,0,0
,,Putnam County,0,0,0,1,0,0,0
,,Saratoga County,0,1,0,0,0,0,0
,,Steuben County,0,0,0,0,0,1,0
,,Ulster County,0,1,0,0,0,0,0
,,Westchester County,0,1,0,0,0,0,0
,Other Agencies,,2,16,0,0,0,0,0
,,New York City Metropolitan Transportation Authority,2,15,0,0,0,0,0
,,"State Park, Long Island Regional",0,1,0,0,0,0,0
North Carolina,Total,,67,17,23,11,0,0,0
,Cities,,51,10,16,8,0,0,0
,,Albemarle,1,0,0,0,0,0,0
,,Asheboro,1,0,0,0,0,0,0
,,Asheville,5,2,2,1,0,0,0
,,Burlington,1,0,0,0,0,0,0
,,Carrboro,1,0,0,0,0,0,0
,,Chapel Hill,0,0,0,1,0,0,0
,,Charlotte-Mecklenburg,8,4,6,3,0,0,0
,,Concord,1,0,0,0,0,0,0
,,Creedmoor,1,0,0,0,0,0,0
,,Durham,2,1,3,1,0,0,0
,,Fayetteville,4,1,0,1,0,0,0
,,Gastonia,0,1,0,0,0,0,0
,,Greensboro,3,0,0,0,0,0,0
,,Greenville,1,0,0,0,0,0,0
,,Hickory,0,0,1,0,0,0,0
,,Huntersville,1,0,0,0,0,0,0
,,King,0,1,0,0,0,0,0
,,Leland,1,0,1,0,0,0,0
,,Lilesville,1,0,0,0,0,0,0
,,Mint Hill,1,0,0,0,0,0,0
,,Morganton,1,0,0,0,0,0,0
,,New Bern,1,0,0,0,0,0,0
,,Oxford,1,0,0,0,0,0,0
,,Raleigh,3,0,0,1,0,0,0
,,Rocky Mount,1,0,1,0,0,0,0
,,Roxboro,2,0,0,0,0,0,0
,,Salisbury,1,0,0,0,0,0,0
,,Siler City,2,0,0,0,0,0,0
,,Thomasville,1,0,0,0,0,0,0
,,Wadesboro,1,0,0,0,0,0,0
,,Wilmington,3,0,1,0,0,0,0
,,Wilson,0,0,1,0,0,0,0
,,Wrightsville Beach,1,0,0,0,0,0,0
,Universities and Colleges,,5,0,4,0,0,0,0
,,East Carolina University,1,0,0,0,0,0,0
,,North Carolina School of the Arts,2,0,0,0,0,0,0
,,University of North Carolina:,,,,,,,
,,Greensboro,1,0,2,0,0,0,0
,,Wilmington,1,0,0,0,0,0,0
,,Wake Forest University,0,0,2,0,0,0,0
,Metropolitan Counties,,8,5,2,3,0,0,0
,,Buncombe,2,0,0,1,0,0,0
,,Cabarrus,0,0,0,1,0,0,0
,,Catawba,1,0,0,0,0,0,0
,,Guilford,0,0,1,0,0,0,0
,,Iredell,0,5,0,0,0,0,0
,,New Hanover,1,0,1,0,0,0,0
,,Pitt,4,0,0,1,0,0,0
,Nonmetropolitan Counties,,3,2,1,0,0,0,0
,,Rutherford,1,2,1,0,0,0,0
,,Surry,1,0,0,0,0,0,0
,,Swain,1,0,0,0,0,0,0
North Dakota,Total,,27,5,4,10,5,0,0
,Cities,,20,4,4,8,1,0,0
,,Beulah,0,0,0,1,0,0,0
,,Bismarck,0,0,1,5,0,0,0
,,Carrington,1,0,0,0,0,0,0
,,Devils Lake,0,0,1,0,0,0,0
,,Dickinson,0,1,0,0,0,0,0
,,Fargo,8,2,2,1,1,0,0
,,Mandan,2,0,0,0,0,0,0
,,Minot,1,0,0,0,0,0,0
,,Valley City,1,0,0,0,0,0,0
,,West Fargo,6,1,0,1,0,0,0
,,Williston,1,0,0,0,0,0,0
,Metropolitan Counties,,4,1,0,0,0,0,0
,,Cass,0,1,0,0,0,0,0
,,Grand Forks,2,0,0,0,0,0,0
,,Morton,2,0,0,0,0,0,0
,Nonmetropolitan Counties,,3,0,0,2,4,0,0
,,Dunn,1,0,0,0,0,0,0
,,Golden Valley,0,0,0,1,0,0,0
,,Grant,1,0,0,0,0,0,0
,,Mountrail,1,0,0,1,3,0,0
,,Walsh,0,0,0,0,1,0,0
Ohio,Total,,226,17,61,42,24,0,0
,Cities,,197,13,51,34,20,0,0
,,Akron,5,0,2,1,0,0,0
,,Alliance,0,0,0,1,0,0,0
,,Ashland,1,0,0,0,0,0,0
,,Athens,0,0,1,0,0,0,0
,,Austintown,2,0,0,0,0,0,0
,,Barberton,3,0,1,0,0,0,0
,,"Bath Township, Summit County",0,0,1,0,0,0,0
,,Bellefontaine,1,0,0,1,0,0,0
,,Blue Ash,0,0,1,0,0,0,0
,,Boardman,1,0,0,0,0,0,0
,,Bucyrus,0,0,0,1,0,0,0
,,Butler Township,0,0,0,0,1,0,0
,,Celina,1,0,1,0,0,0,0
,,Cincinnati,9,0,1,5,1,0,0
,,Circleville,1,0,1,0,0,0,0
,,Clearcreek Township,0,0,0,1,0,0,0
,,Cleveland,1,0,5,1,0,0,0
,,Colerain Township,2,0,0,0,0,0,0
,,Columbus,88,4,17,15,12,0,0
,,Dayton,5,0,2,1,0,0,0
,,East Liverpool,1,1,0,0,0,0,0
,,East Palestine,1,0,0,0,0,0,0
,,Eaton,0,0,1,0,0,0,0
,,Englewood,0,0,1,0,0,0,0
,,Fairborn,2,0,0,0,0,0,0
,,Fairfield,0,1,0,0,0,0,0
,,Findlay,1,0,1,0,0,0,0
,,Gahanna,0,0,2,0,0,0,0
,,Girard,1,0,0,0,0,0,0
,,Greenhills,1,0,0,0,1,0,0
,,Grove City,3,0,0,1,0,0,0
,,Hamilton,0,0,1,0,0,0,0
,,Huber Heights,1,1,4,0,2,0,0
,,Hudson,1,0,0,1,0,0,0
,,"Jackson Township, Stark County",1,0,0,0,0,0,0
,,Kettering,1,0,0,0,0,0,0
,,Lancaster,1,0,0,0,0,0,0
,,Lorain,7,0,0,0,0,0,0
,,Mansfield,4,0,0,0,0,0,0
,,Medina,2,0,0,0,0,0,0
,,Mentor-on-the-Lake,1,0,0,1,0,0,0
,,"Miami Township, Montgomery County",2,0,0,0,0,0,0
,,Montgomery,2,0,0,0,0,0,0
,,Montpelier,1,0,0,0,0,0,0
,,Moraine,0,0,1,1,0,0,0
,,Mount Vernon,2,0,0,0,0,0,0
,,Napoleon,1,0,0,0,0,0,0
,,Nelsonville,1,0,0,0,0,0,0
,,Niles,1,0,0,0,0,0,0
,,North Baltimore,1,0,0,0,0,0,0
,,North Canton,1,0,0,0,0,0,0
,,North College Hill,2,0,0,0,0,0,0
,,Norwalk,0,0,1,0,1,0,0
,,Norwood,1,0,0,2,0,0,0
,,Ottawa Hills,1,0,0,0,0,0,0
,,Parma,1,0,0,0,0,0,0
,,Portsmouth,0,0,2,0,0,0,0
,,Reynoldsburg,0,1,0,0,0,0,0
,,Richwood,1,0,0,0,0,0,0
,,Riverside,2,0,0,0,0,0,0
,,Solon,1,0,0,0,0,0,0
,,South Euclid,2,0,0,0,0,0,0
,,Springfield,3,0,1,0,0,0,0
,,"Springfield Township, Hamilton County",1,0,0,0,0,0,0
,,Struthers,1,1,0,0,1,0,0
,,Trotwood,1,0,1,0,0,0,0
,,Troy,1,0,0,0,0,0,0
,,Twinsburg,0,1,0,1,0,0,0
,,"Union Township, Clermont County",1,0,0,0,0,0,0
,,Upper Arlington,3,0,0,0,0,0,0
,,Urbana,1,1,0,0,0,0,0
,,Vandalia,2,0,0,0,0,0,0
,,Wapakoneta,1,0,0,0,0,0,0
,,Warren,3,0,0,0,1,0,0
,,Warren Township,1,0,0,0,0,0,0
,,Wooster,1,1,0,0,0,0,0
,,Xenia,3,0,0,0,0,0,0
,,Youngstown,1,0,0,0,0,0,0
,,Zanesville,1,1,2,0,0,0,0
,Universities and Colleges,,5,0,2,0,0,0,0
,,Bowling Green State University,1,0,0,0,0,0,0
,,Capital University,2,0,1,0,0,0,0
,,Kent State University,0,0,1,0,0,0,0
,,"Ohio State University, Columbus",2,0,0,0,0,0,0
,Metropolitan Counties,,13,1,6,6,2,0,0
,,Butler,3,0,3,0,2,0,0
,,Clermont,1,0,0,0,0,0,0
,,Delaware,1,0,0,1,0,0,0
,,Franklin,0,0,0,2,0,0,0
,,Fulton,0,0,0,1,0,0,0
,,Geauga,1,0,0,0,0,0,0
,,Greene,2,0,1,0,0,0,0
,,Lorain,1,0,0,0,0,0,0
,,Lucas,0,1,1,0,0,0,0
,,Medina,1,0,0,0,0,0,0
,,Montgomery,0,0,0,1,0,0,0
,,Pickaway,1,0,0,0,0,0,0
,,Richland,1,0,0,0,0,0,0
,,Stark,1,0,0,1,0,0,0
,,Trumbull,0,0,1,0,0,0,0
,Nonmetropolitan Counties,,10,3,2,2,2,0,0
,,Ashland,0,0,0,1,0,0,0
,,Athens,0,0,1,0,0,0,0
,,Auglaize,1,0,0,0,0,0,0
,,Hancock,0,0,0,1,0,0,0
,,Jackson,2,0,0,0,0,0,0
,,Knox,2,1,0,0,0,0,0
,,Marion,0,0,1,0,1,0,0
,,Meigs,0,1,0,0,0,0,0
,,Ross,2,1,0,0,0,0,0
,,Shelby,2,0,0,0,0,0,0
,,Washington,0,0,0,0,1,0,0
,,Wayne,1,0,0,0,0,0,0
,Other Agencies,,1,0,0,0,0,0,0
,,Cleveland Metropolitan Park District,1,0,0,0,0,0,0
Oklahoma,Total,,22,8,7,3,1,0,0
,Cities,,20,5,5,3,1,0,0
,,Altus,1,0,0,0,0,0,0
,,Bixby,1,0,0,0,0,0,0
,,Blanchard,1,0,0,0,0,0,0
,,Broken Arrow,0,0,0,1,0,0,0
,,Choctaw,1,0,0,0,0,0,0
,,Cleveland,0,0,0,1,0,0,0
,,Elk City,1,0,0,0,0,0,0
,,Fairfax,1,0,0,0,0,0,0
,,Heavener,0,1,0,0,0,0,0
,,Muskogee,1,1,1,0,0,0,0
,,Norman,3,1,0,0,0,0,0
,,Oklahoma City,7,2,2,1,0,0,0
,,Owasso,1,0,0,0,0,0,0
,,Sapulpa,0,0,1,0,0,0,0
,,Sayre,1,0,0,0,0,0,0
,,Skiatook,0,0,0,0,1,0,0
,,Talihina,0,0,1,0,0,0,0
,,Tonkawa,1,0,0,0,0,0,0
,Universities and Colleges,,0,0,2,0,0,0,0
,,Southwestern Oklahoma State University,0,0,1,0,0,0,0
,,University of Central Oklahoma,0,0,1,0,0,0,0
,Metropolitan Counties,,0,3,0,0,0,0,0
,,Grady,0,1,0,0,0,0,0
,,Tulsa,0,1,0,0,0,0,0
,,Wagoner,0,1,0,0,0,0,0
,Nonmetropolitan Counties,,1,0,0,0,0,0,0
,,Roger Mills,1,0,0,0,0,0,0
,Tribal Agencies,,1,0,0,0,0,0,0
,,Tonkawa Tribal,1,0,0,0,0,0,0
Oregon,Total,,32,10,14,9,1,0,0
,Cities,,28,8,13,9,1,0,0
,,Ashland,1,0,0,0,0,0,0
,,Beaverton,0,0,1,0,0,0,0
,,Bend,0,2,0,1,0,0,0
,,Eugene,6,4,3,2,0,0,0
,,Newberg-Dundee,0,0,0,1,0,0,0
,,Newport,0,0,1,0,0,0,0
,,Portland,1,1,3,1,0,0,0
,,Salem,7,1,4,2,0,0,0
,,Springfield,2,0,0,1,0,0,0
,,Sutherlin,1,0,0,0,0,0,0
,,Tigard,8,0,0,1,0,0,0
,,Toledo,2,0,1,0,1,0,0
,Metropolitan Counties,,2,2,1,0,0,0,0
,,Deschutes,1,0,0,0,0,0,0
,,Jackson,0,1,0,0,0,0,0
,,Lane,1,0,0,0,0,0,0
,,Yamhill,0,1,1,0,0,0,0
,Nonmetropolitan Counties,,2,0,0,0,0,0,0
,,Douglas,1,0,0,0,0,0,0
,,Umatilla,1,0,0,0,0,0,0
Pennsylvania,Total,,44,11,8,1,0,0,0
,Cities,,32,5,6,1,0,0,0
,,Ferguson Township,0,1,0,0,0,0,0
,,Johnstown,3,0,0,0,0,0,0
,,Lancaster,1,0,0,0,0,0,0
,,Lewistown,0,1,0,0,0,0,0
,,Northern York Regional,1,0,0,0,0,0,0
,,Philadelphia,14,1,0,1,0,0,0
,,Pittsburgh,12,0,3,0,0,0,0
,,Reading,0,0,3,0,0,0,0
,,"Richland Township, Cambria County",1,0,0,0,0,0,0
,,State College,0,2,0,0,0,0,0
,Universities and Colleges,,6,3,1,0,0,0,0
,,Lehigh University,1,0,0,0,0,0,0
,,Pennsylvania State University:,,,,,,,
,,Altoona,1,0,0,0,0,0,0
,,University Park,4,3,1,0,0,0,0
,Metropolitan Counties,,1,0,0,0,0,0,0
,,Lancaster,1,0,0,0,0,0,0
,State Police Agencies,,5,3,1,0,0,0,0
,,State Police:,,,,,,,
,,Chester County,0,1,0,0,0,0,0
,,Franklin County,1,0,0,0,0,0,0
,,Indiana County,1,0,0,0,0,0,0
,,Lancaster County,1,1,0,0,0,0,0
,,Skippack County,2,0,1,0,0,0,0
,,Pike County,0,1,0,0,0,0,0
Rhode Island,Total,,4,2,0,1,0,0,0
,Cities,,3,2,0,1,0,0,0
,,Central Falls,1,0,0,0,0,0,0
,,Johnston,1,0,0,0,0,0,0
,,Newport,1,0,0,0,0,0,0
,,Providence,0,0,0,1,0,0,0
,,Warwick,0,1,0,0,0,0,0
,,West Warwick,0,1,0,0,0,0,0
,Universities and Colleges,,1,0,0,0,0,0,0
,,University of Rhode Island,1,0,0,0,0,0,0
South Carolina,Total,,33,9,6,3,0,0,0
,Cities,,18,7,5,2,0,0,0
,,Anderson,1,0,0,0,0,0,0
,,Belton,0,0,1,0,0,0,0
,,Chapin,1,0,0,0,0,0,0
,,Charleston,2,0,0,0,0,0,0
,,Clover,0,0,1,0,0,0,0
,,Columbia,1,0,1,0,0,0,0
,,Dillon,0,1,0,0,0,0,0
,,Forest Acres,1,0,0,0,0,0,0
,,Georgetown,1,0,0,0,0,0,0
,,Goose Creek,1,0,0,0,0,0,0
,,Greenville,1,0,0,0,0,0,0
,,Hardeeville,0,0,0,1,0,0,0
,,Hartsville,1,0,0,0,0,0,0
,,Holly Hill,1,0,0,0,0,0,0
,,Honea Path,1,0,0,0,0,0,0
,,Latta,1,0,0,0,0,0,0
,,Lexington,1,0,0,0,0,0,0
,,Manning,0,0,1,0,0,0,0
,,Mauldin,0,0,0,1,0,0,0
,,Orangeburg,0,0,1,0,0,0,0
,,Salley,1,0,0,0,0,0,0
,,St. George,1,0,0,0,0,0,0
,,Summerville,2,0,0,0,0,0,0
,,Winnsboro,0,6,0,0,0,0,0
,Universities and Colleges,,2,0,0,0,0,0,0
,,The Citadel,1,0,0,0,0,0,0
,,"University of South Carolina, Upstate",1,0,0,0,0,0,0
,Metropolitan Counties,,8,2,1,1,0,0,0
,,Berkeley,2,0,0,0,0,0,0
,,Fairfield,1,0,0,0,0,0,0
,,Horry County Police Department,1,0,0,1,0,0,0
,,Lancaster,0,1,0,0,0,0,0
,,Lexington,2,0,0,0,0,0,0
,,Sumter,1,0,1,0,0,0,0
,,Union,0,1,0,0,0,0,0
,,York,1,0,0,0,0,0,0
,Nonmetropolitan Counties,,5,0,0,0,0,0,0
,,Chesterfield,1,0,0,0,0,0,0
,,Colleton,1,0,0,0,0,0,0
,,Georgetown,1,0,0,0,0,0,0
,,Hampton,1,0,0,0,0,0,0
,,Marlboro,1,0,0,0,0,0,0
South Dakota,Total,,10,2,1,0,0,0,0
,Cities,,6,1,1,0,0,0,0
,,Aberdeen,1,0,0,0,0,0,0
,,Mitchell,1,0,0,0,0,0,0
,,Rapid City,0,0,1,0,0,0,0
,,Sioux Falls,3,1,0,0,0,0,0
,,Vermillion,1,0,0,0,0,0,0
,Nonmetropolitan Counties,,4,1,0,0,0,0,0
,,Codington,3,0,0,0,0,0,0
,,Corson,1,0,0,0,0,0,0
,,Hutchinson,0,1,0,0,0,0,0
Tennessee,Total,,59,8,38,81,9,0,1
,Cities,,43,4,31,38,8,0,1
,,Ashland City,1,0,0,0,0,0,0
,,Athens,1,0,0,0,0,0,0
,,Atoka,0,0,0,0,1,0,0
,,Bristol,1,0,2,1,0,0,0
,,Burns,1,0,0,0,0,0,0
,,Chattanooga,2,1,0,0,0,0,0
,,Clarksville,0,0,5,6,0,0,0
,,Collegedale,1,0,0,0,0,0,0
,,Covington,1,0,0,12,4,0,0
,,Dyersburg,1,0,0,0,0,0,0
,,Elizabethton,0,0,1,0,0,0,0
,,Fayetteville,1,0,0,0,0,0,0
,,Franklin,1,0,0,0,0,0,0
,,Gatlinburg,0,0,0,1,0,0,0
,,Graysville,2,0,0,0,0,0,0
,,Greeneville,0,0,1,0,0,0,0
,,Humboldt,1,0,0,0,0,0,0
,,Jackson,0,2,2,0,0,0,0
,,Johnson City,2,0,0,0,0,0,0
,,Jonesborough,0,0,0,4,1,0,0
,,Kingsport,2,0,0,0,0,0,0
,,Knoxville,0,0,0,2,0,0,0
,,Manchester,0,0,0,2,0,0,0
,,Mason,1,0,0,0,0,0,0
,,McMinnville,0,0,0,1,0,0,0
,,Memphis,9,0,12,1,1,0,1
,,Milan,1,0,0,0,0,0,0
,,Millersville,2,0,1,0,0,0,0
,,Millington,2,0,0,4,0,0,0
,,Monterey,0,0,0,1,0,0,0
,,Mount Carmel,0,0,0,0,1,0,0
,,Munford,0,0,0,1,0,0,0
,,Murfreesboro,0,0,1,0,0,0,0
,,Nashville,4,0,1,1,0,0,0
,,Oliver Springs,1,1,0,0,0,0,0
,,Paris,0,0,1,0,0,0,0
,,Pigeon Forge,0,0,0,1,0,0,0
,,Rossville,0,0,2,0,0,0,0
,,Shelbyville,0,0,1,0,0,0,0
,,Spring Hill,4,0,0,0,0,0,0
,,Tullahoma,1,0,0,0,0,0,0
,,Wartburg,0,0,1,0,0,0,0
,Universities and Colleges,,4,1,2,0,0,0,0
,,Christian Brothers University,1,0,0,0,0,0,0
,,Southwest Tennessee Community College,0,0,1,0,0,0,0
,,Vanderbilt University,3,1,1,0,0,0,0
,Metropolitan Counties,,12,3,4,39,1,0,0
,,Hickman,1,0,1,1,0,0,0
,,Jefferson,1,0,0,0,0,0,0
,,Marion,1,0,0,0,0,0,0
,,Robertson,0,1,0,0,0,0,0
,,Shelby,5,1,3,36,1,0,0
,,Sullivan,2,1,0,2,0,0,0
,,Tipton,2,0,0,0,0,0,0
,Nonmetropolitan Counties,,0,0,1,3,0,0,0
,,Bledsoe,0,0,0,1,0,0,0
,,Henry,0,0,0,2,0,0,0
,,Lake,0,0,1,0,0,0,0
,State Police Agencies,,0,0,0,1,0,0,0
,,Department of Safety,0,0,0,1,0,0,0
Texas,Total,,54,7,44,25,2,0,0
,Cities,,46,5,41,21,2,0,0
,,Austin,0,0,1,3,0,0,0
,,Beaumont,3,0,0,0,0,0,0
,,Bellaire,0,0,1,0,0,0,0
,,Bellmead,2,0,0,0,0,0,0
,,Benbrook,1,0,0,0,0,0,0
,,Brownwood,1,0,0,0,0,0,0
,,Carthage,0,0,1,0,0,0,0
,,Commerce,1,0,0,0,1,0,0
,,Corpus Christi,0,0,1,0,0,0,0
,,Dallas,3,2,9,4,0,0,0
,,Denison,1,0,0,0,1,0,0
,,Denton,1,0,0,0,0,0,0
,,El Paso,0,0,3,0,0,0,0
,,Everman,0,0,1,0,0,0,0
,,Fort Worth,9,0,2,5,0,0,0
,,Frisco,1,1,0,0,0,0,0
,,Gainesville,1,0,0,0,0,0,0
,,Garland,1,0,1,0,0,0,0
,,Grapevine,1,0,0,0,0,0,0
,,Harlingen,1,0,0,0,0,0,0
,,Houston,4,0,5,4,0,0,0
,,Lancaster,0,0,1,0,0,0,0
,,Longview,1,0,0,0,0,0,0
,,Marble Falls,1,0,0,0,0,0,0
,,McAllen,0,0,1,0,0,0,0
,,McKinney,1,0,1,2,0,0,0
,,Mercedes,1,0,0,0,0,0,0
,,Mineral Wells,0,0,1,0,0,0,0
,,Pasadena,1,0,0,0,0,0,0
,,Plano,1,0,0,1,0,0,0
,,Richmond,0,0,1,0,0,0,0
,,San Angelo,1,0,0,0,0,0,0
,,San Antonio,3,0,7,1,0,0,0
,,Springtown,0,0,1,0,0,0,0
,,Temple,1,0,0,0,0,0,0
,,Terrell,1,0,0,0,0,0,0
,,Tyler,1,0,3,1,0,0,0
,,Victoria,0,2,0,0,0,0,0
,,Vidor,1,0,0,0,0,0,0
,,Whitehouse,1,0,0,0,0,0,0
,Universities and Colleges,,4,1,0,0,0,0,0
,,Amarillo College,1,0,0,0,0,0,0
,,Southern Methodist University,2,1,0,0,0,0,0
,,"University of Texas, Austin",1,0,0,0,0,0,0
,Metropolitan Counties,,4,1,2,4,0,0,0
,,Collin,0,0,0,1,0,0,0
,,Goliad,1,0,0,0,0,0,0
,,Harris,1,1,0,1,0,0,0
,,Hunt,0,0,0,1,0,0,0
,,Nueces,1,0,0,0,0,0,0
,,Travis,1,0,2,1,0,0,0
,Other Agencies,,0,0,1,0,0,0,0
,,"Independent School District, Humble",0,0,1,0,0,0,0
Utah,Total,,46,10,8,8,2,0,0
,Cities,,27,8,4,5,1,0,0
,,Bountiful,4,0,0,1,0,0,0
,,Brigham City,2,0,0,0,0,0,0
,,Centerville,1,1,0,0,0,0,0
,,Draper,0,1,0,0,0,0,0
,,Farmington,2,0,1,0,0,0,0
,,Grantsville,1,0,0,0,0,0,0
,,Heber,0,1,0,0,0,0,0
,,Moab,0,0,0,1,0,0,0
,,Murray,1,0,0,0,0,0,0
,,North Salt Lake,0,0,0,0,1,0,0
,,Pleasant Grove,2,0,0,0,0,0,0
,,Price,1,0,0,1,0,0,0
,,Provo,1,0,0,0,0,0,0
,,Roosevelt,1,0,1,1,0,0,0
,,Roy,1,1,0,0,0,0,0
,,Salt Lake City,3,1,1,0,0,0,0
,,South Jordan,0,1,0,0,0,0,0
,,South Salt Lake,0,0,1,0,0,0,0
,,St. George,2,1,0,0,0,0,0
,,Tooele,0,1,0,0,0,0,0
,,West Valley,3,0,0,1,0,0,0
,,Woods Cross,2,0,0,0,0,0,0
,Universities and Colleges,,3,0,1,0,0,0,0
,,University of Utah,3,0,0,0,0,0,0
,,"Utah State University, Logan",0,0,1,0,0,0,0
,Metropolitan Counties,,6,1,2,0,1,0,0
,,Salt Lake County Unified Police Department,0,1,1,0,0,0,0
,,Tooele,4,0,0,0,1,0,0
,,Utah,1,0,0,0,0,0,0
,,Washington,1,0,1,0,0,0,0
,Nonmetropolitan Counties,,6,1,0,0,0,0,0
,,Carbon,3,0,0,0,0,0,0
,,Emery,0,1,0,0,0,0,0
,,Summit,1,0,0,0,0,0,0
,,Uintah,2,0,0,0,0,0,0
,State Police Agencies,,2,0,1,3,0,0,0
,,Utah Highway Patrol,2,0,1,3,0,0,0
,Other Agencies,,3,0,0,0,0,0,0
,,Parks and Recreation,1,0,0,0,0,0,0
,,Utah Transit Authority,2,0,0,0,0,0,0
Vermont,Total,,8,1,3,0,0,0,0
,Cities,,7,1,2,0,0,0,0
,,Bennington,1,0,0,0,0,0,0
,,Burlington,2,0,1,0,0,0,0
,,Castleton,0,0,1,0,0,0,0
,,Colchester,1,0,0,0,0,0,0
,,Morristown,1,0,0,0,0,0,0
,,South Burlington,0,1,0,0,0,0,0
,,Springfield,1,0,0,0,0,0,0
,,St. Albans,1,0,0,0,0,0,0
,Universities and Colleges,,1,0,0,0,0,0,0
,,University of Vermont,1,0,0,0,0,0,0
,State Police Agencies,,0,0,1,0,0,0,0
,,"State Police, St. Albans",0,0,1,0,0,0,0
Virginia,Total,,70,30,12,7,0,0,0
,Cities,,30,10,9,2,0,0,0
,,Bedford,1,0,1,0,0,0,0
,,Bristol,0,0,1,0,0,0,0
,,Charlottesville,1,0,0,0,0,0,0
,,Chesapeake,4,2,0,0,0,0,0
,,Christiansburg,1,0,0,0,0,0,0
,,Danville,0,0,1,0,0,0,0
,,Farmville,1,0,0,0,0,0,0
,,Galax,0,0,0,1,0,0,0
,,Hampton,1,0,1,0,0,0,0
,,Harrisonburg,3,0,1,0,0,0,0
,,Hopewell,0,1,0,0,0,0,0
,,Manassas,1,0,0,0,0,0,0
,,Manassas Park,0,1,0,0,0,0,0
,,Newport News,1,1,2,0,0,0,0
,,Norfolk,3,3,1,0,0,0,0
,,Poquoson,1,0,0,0,0,0,0
,,Portsmouth,3,0,0,0,0,0,0
,,Radford,0,0,1,0,0,0,0
,,Richmond,0,0,0,1,0,0,0
,,Roanoke,1,0,0,0,0,0,0
,,Suffolk,3,0,0,0,0,0,0
,,Virginia Beach,3,2,0,0,0,0,0
,,West Point,1,0,0,0,0,0,0
,,Woodstock,1,0,0,0,0,0,0
,Universities and Colleges,,3,3,0,2,0,0,0
,,Christopher Newport University,1,0,0,0,0,0,0
,,George Mason University,0,3,0,0,0,0,0
,,James Madison University,0,0,0,1,0,0,0
,,University of Richmond,1,0,0,0,0,0,0
,,Virginia Commonwealth University,0,0,0,1,0,0,0
,,Virginia Military Institute,1,0,0,0,0,0,0
,Metropolitan Counties,,31,16,2,3,0,0,0
,,Albemarle County Police Department,7,2,0,1,0,0,0
,,Amherst,1,0,0,0,0,0,0
,,Appomattox,0,1,0,0,0,0,0
,,Arlington County Police Department,1,0,1,0,0,0,0
,,Chesterfield County Police Department,1,1,0,0,0,0,0
,,Clarke,1,0,0,0,0,0,0
,,Fairfax County Police Department,7,5,0,1,0,0,0
,,Fluvanna,1,0,0,1,0,0,0
,,Gloucester,1,1,0,0,0,0,0
,,Henrico County Police Department,2,3,0,0,0,0,0
,,James City County Police Department,0,1,0,0,0,0,0
,,Loudoun,2,1,0,0,0,0,0
,,Powhatan,1,0,0,0,0,0,0
,,Prince George County Police Department,1,0,0,0,0,0,0
,,Rockingham,1,0,0,0,0,0,0
,,Spotsylvania,2,1,1,0,0,0,0
,,York,2,0,0,0,0,0,0
,Nonmetropolitan Counties,,6,1,0,0,0,0,0
,,Carroll,1,0,0,0,0,0,0
,,Cumberland,1,0,0,0,0,0,0
,,King George,0,1,0,0,0,0,0
,,Louisa,1,0,0,0,0,0,0
,,Orange,2,0,0,0,0,0,0
,,Westmoreland,1,0,0,0,0,0,0
,State Police Agencies,,0,0,1,0,0,0,0
,,"State Police, Buchanan County",0,0,1,0,0,0,0
Washington,Total,,158,40,49,32,7,4,1
,Cities,,131,32,36,23,5,4,1
,,Aberdeen,3,0,0,1,0,0,0
,,Auburn,5,1,0,3,0,0,1
,,Bellevue,0,1,0,0,0,0,0
,,Bellingham,4,0,4,2,0,0,0
,,Burien,0,1,0,0,0,0,0
,,Cheney,3,0,0,0,0,0,0
,,Clarkston,1,0,0,0,0,0,0
,,Covington,0,1,0,0,0,0,0
,,Des Moines,4,1,0,0,0,0,0
,,Everett,1,1,2,2,0,0,0
,,Federal Way,3,4,4,0,0,0,0
,,Ferndale,1,1,0,0,0,0,0
,,Fife,0,0,0,1,0,1,0
,,Granite Falls,1,0,0,0,0,0,0
,,Hoquiam,1,0,0,0,0,0,0
,,Kalama,1,0,0,0,0,0,0
,,Kelso,4,0,0,0,0,0,0
,,Kenmore,0,0,0,1,0,0,0
,,Kent3,8,0,1,0,0,0,0
,,Lacey,0,1,0,0,0,0,0
,,Lakewood,3,0,0,0,0,0,0
,,Maple Valley,0,0,1,0,0,0,0
,,Mercer Island,0,1,0,0,0,0,0
,,Mill Creek,0,0,0,0,0,1,0
,,Milton,0,0,1,0,0,0,0
,,Mount Vernon,0,1,0,0,0,0,0
,,Napavine,1,0,0,0,0,0,0
,,Normandy Park,2,0,0,0,0,0,0
,,Oak Harbor,1,0,0,0,0,0,0
,,Olympia,0,0,0,1,0,0,0
,,Omak,0,0,1,1,1,0,0
,,Orting,1,0,0,0,0,0,0
,,Pacific,1,0,0,0,0,0,0
,,Pasco,0,0,0,0,1,0,0
,,Port Townsend,1,1,1,0,0,0,0
,,Pullman,2,0,0,0,0,0,0
,,Redmond,1,0,0,0,0,0,0
,,Renton,10,2,0,1,0,0,0
,,Seattle,50,14,14,6,3,2,0
,,Sedro Woolley,1,0,0,0,0,0,0
,,Shelton,0,0,0,1,0,0,0
,,Shoreline,2,0,0,0,0,0,0
,,Spokane,1,0,1,0,0,0,0
,,Spokane Valley,1,0,0,1,0,0,0
,,Sunnyside,1,0,0,1,0,0,0
,,Tacoma,3,0,2,0,0,0,0
,,Tukwila,1,0,0,0,0,0,0
,,Tumwater,1,0,0,0,0,0,0
,,Vancouver,5,0,3,0,0,0,0
,,Washougal,0,1,0,0,0,0,0
,,Wenatchee,1,0,0,1,0,0,0
,,Yakima,1,0,1,0,0,0,0
,Universities and Colleges,,4,2,2,0,0,0,0
,,Eastern Washington University,1,0,0,0,0,0,0
,,University of Washington,3,2,0,0,0,0,0
,,"Washington State University, Pullman",0,0,1,0,0,0,0
,,Western Washington University,0,0,1,0,0,0,0
,Metropolitan Counties,,16,4,9,8,2,0,0
,,Benton,0,0,0,0,1,0,0
,,Chelan,0,2,0,0,0,0,0
,,Clark,3,0,1,0,0,0,0
,,Columbia,0,0,0,2,0,0,0
,,Cowlitz,1,0,0,0,0,0,0
,,King,1,1,1,0,0,0,0
,,Kitsap,1,0,0,0,0,0,0
,,Pend Oreille,2,0,1,0,0,0,0
,,Pierce,2,1,1,2,0,0,0
,,Skagit,0,0,1,0,0,0,0
,,Skamania,1,0,0,0,0,0,0
,,Snohomish,1,0,1,0,0,0,0
,,Spokane,1,0,1,3,1,0,0
,,Stevens,0,0,1,0,0,0,0
,,Thurston,3,0,1,0,0,0,0
,,Yakima,0,0,0,1,0,0,0
,Nonmetropolitan Counties,,6,1,2,1,0,0,0
,,Clallam,2,0,0,0,0,0,0
,,Grant,1,0,0,0,0,0,0
,,Jefferson,0,1,0,0,0,0,0
,,Klickitat,0,0,0,1,0,0,0
,,Lincoln,0,0,1,0,0,0,0
,,Mason,3,0,0,0,0,0,0
,,San Juan,0,0,1,0,0,0,0
,Other Agencies,,1,1,0,0,0,0,0
,,Port of Seattle,1,1,0,0,0,0,0
West Virginia,Total,,40,6,8,2,0,0,0
,Cities,,31,5,5,2,0,0,0
,,Barboursville,2,0,0,0,0,0,0
,,Beckley,3,0,1,0,0,0,0
,,Buckhannon,1,0,0,0,0,0,0
,,Charleston,3,3,1,0,0,0,0
,,Dunbar,0,0,1,0,0,0,0
,,Fairmont,1,1,0,0,0,0,0
,,Huntington,4,1,2,1,0,0,0
,,Martinsburg,1,0,0,0,0,0,0
,,Morgantown,0,0,0,1,0,0,0
,,Moundsville,1,0,0,0,0,0,0
,,Oak Hill,14,0,0,0,0,0,0
,,Wellsburg,1,0,0,0,0,0,0
,Metropolitan Counties,,7,0,1,0,0,0,0
,,Brooke,4,0,0,0,0,0,0
,,Fayette,1,0,1,0,0,0,0
,,Hancock,2,0,0,0,0,0,0
,Nonmetropolitan Counties,,2,1,2,0,0,0,0
,,Harrison,1,1,2,0,0,0,0
,,McDowell,1,0,0,0,0,0,0
Wisconsin,Total,,22,5,15,8,0,0,0
,Cities,,18,4,11,8,0,0,0
,,Algoma,1,1,0,0,0,0,0
,,Appleton,0,0,2,0,0,0,0
,,Burlington,1,0,0,0,0,0,0
,,Fond du Lac,1,0,0,1,0,0,0
,,Green Bay,1,0,1,0,0,0,0
,,Janesville,2,0,0,0,0,0,0
,,La Crosse,0,0,2,0,0,0,0
,,Madison,3,1,3,5,0,0,0
,,Merrill,0,0,0,1,0,0,0
,,Milwaukee,5,1,3,0,0,0,0
,,Oak Creek,0,1,0,1,0,0,0
,,River Falls,2,0,0,0,0,0,0
,,Sparta,1,0,0,0,0,0,0
,,Wausau,1,0,0,0,0,0,0
,Universities and Colleges,,0,1,2,0,0,0,0
,,"University of Wisconsin, Platteville",0,1,2,0,0,0,0
,Metropolitan Counties,,1,0,0,0,0,0,0
,,Dane,1,0,0,0,0,0,0
,Nonmetropolitan Counties,,3,0,2,0,0,0,0
,,Burnett,0,0,1,0,0,0,0
,,Grant,1,0,0,0,0,0,0
,,Lincoln,0,0,1,0,0,0,0
,,Manitowoc,1,0,0,0,0,0,0
,,Oneida,1,0,0,0,0,0,0
Wyoming,Total,,0,0,0,1,0,0,0
,Cities,,0,0,0,1,0,0,0
,,Gillette,0,0,0,1,0,0,0
