year,bias,bias_group,crime,n
1996,sexual_orientation,sexual_orientation,total,1256
1997,sexual_orientation,sexual_orientation,total,1375
1998,sexual_orientation,sexual_orientation,total,1439
1999,sexual_orientation,sexual_orientation,total,1487
2000,sexual_orientation,sexual_orientation,total,1486
2001,sexual_orientation,sexual_orientation,total,1591
2002,sexual_orientation,sexual_orientation,total,1464
2003,sexual_orientation,sexual_orientation,total,1430
2004,sexual_orientation,sexual_orientation,total,1406
2004,anti_gay,sexual_orientation,total,855
2004,anti_lesbian,sexual_orientation,total,201
2004,anti_homo,sexual_orientation,total,297
2004,anti_hetero,sexual_orientation,total,35
2004,anti_bisexual,sexual_orientation,total,18
2005,sexual_orientation,sexual_orientation,total,1171
2005,anti_gay,sexual_orientation,total,713
2005,anti_lesbian,sexual_orientation,total,180
2005,anti_homo,sexual_orientation,total,228
2005,anti_hetero,sexual_orientation,total,23
2005,anti_bisexual,sexual_orientation,total,27
2006,sexual_orientation,sexual_orientation,total,1415
2006,anti_gay,sexual_orientation,total,881
2006,anti_lesbian,sexual_orientation,total,192
2006,anti_homo,sexual_orientation,total,293
2006,anti_hetero,sexual_orientation,total,28
2006,anti_bisexual,sexual_orientation,total,21
2007,sexual_orientation,sexual_orientation,total,1460
2007,anti_gay,sexual_orientation,total,864
2007,anti_lesbian,sexual_orientation,total,184
2007,anti_homo,sexual_orientation,total,362
2007,anti_hetero,sexual_orientation,total,27
2007,anti_bisexual,sexual_orientation,total,23
2008,sexual_orientation,sexual_orientation,total,1617
2008,anti_gay,sexual_orientation,total,948
2008,anti_lesbian,sexual_orientation,total,194
2008,anti_homo,sexual_orientation,total,415
2008,anti_hetero,sexual_orientation,total,33
2008,anti_bisexual,sexual_orientation,total,27
2009,sexual_orientation,sexual_orientation,total,1436
2009,anti_gay,sexual_orientation,total,798
2009,anti_lesbian,sexual_orientation,total,216
2009,anti_homo,sexual_orientation,total,376
2009,anti_hetero,sexual_orientation,total,21
2009,anti_bisexual,sexual_orientation,total,25
2010,sexual_orientation,sexual_orientation,total,1470
2010,anti_gay,sexual_orientation,total,851
2010,anti_lesbian,sexual_orientation,total,167
2010,anti_homo,sexual_orientation,total,403
2010,anti_hetero,sexual_orientation,total,21
2010,anti_bisexual,sexual_orientation,total,28
2011,sexual_orientation,sexual_orientation,total,1508
2011,anti_gay,sexual_orientation,total,871
2011,anti_lesbian,sexual_orientation,total,168
2011,anti_homo,sexual_orientation,total,429
2011,anti_hetero,sexual_orientation,total,17
2011,anti_bisexual,sexual_orientation,total,23
2012,sexual_orientation,sexual_orientation,total,1318
2012,anti_gay,sexual_orientation,total,720
2012,anti_lesbian,sexual_orientation,total,162
2012,anti_homo,sexual_orientation,total,369
2012,anti_hetero,sexual_orientation,total,26
2012,anti_bisexual,sexual_orientation,total,41
2013,sexual_orientation,sexual_orientation,total,1402
2013,anti_gay,sexual_orientation,total,849
2013,anti_lesbian,sexual_orientation,total,185
2013,anti_lgbt,sexual_orientation,total,317
2013,anti_hetero,sexual_orientation,total,24
2013,anti_bisexual,sexual_orientation,total,27
2013,gender_identity,gender_identity,total,33
2013,anti_transgender,gender_identity,total,25
2013,anti_gnc,gender_identity,total,8
2014,sexual_orientation,sexual_orientation,total,1178
2014,anti_gay,sexual_orientation,total,683
2014,anti_lesbian,sexual_orientation,total,168
2014,anti_lgbt,sexual_orientation,total,278
2014,anti_hetero,sexual_orientation,total,18
2014,anti_bisexual,sexual_orientation,total,31
2014,gender_identity,gender_identity,total,109
2014,anti_transgender,gender_identity,total,69
2014,anti_gnc,gender_identity,total,40
2015,sexual_orientation,sexual_orientation,total,1219
2015,anti_gay,sexual_orientation,total,758
2015,anti_lesbian,sexual_orientation,total,168
2015,anti_lgbt,sexual_orientation,total,235
2015,anti_hetero,sexual_orientation,total,23
2015,anti_bisexual,sexual_orientation,total,35
2015,gender_identity,gender_identity,total,118
2015,anti_transgender,gender_identity,total,75
2015,anti_gnc,gender_identity,total,43
2016,sexual_orientation,sexual_orientation,total,1218
2016,anti_gay,sexual_orientation,total,765
2016,anti_lesbian,sexual_orientation,total,141
2016,anti_lgbt,sexual_orientation,total,262
2016,anti_hetero,sexual_orientation,total,23
2016,anti_bisexual,sexual_orientation,total,27
2016,gender_identity,gender_identity,total,130
2016,anti_transgender,gender_identity,total,111
2016,anti_gnc,gender_identity,total,19
2017,sexual_orientation,sexual_orientation,total,1303
2017,anti_gay,sexual_orientation,total,758
2017,anti_lesbian,sexual_orientation,total,159
2017,anti_lgbt,sexual_orientation,total,321
2017,anti_hetero,sexual_orientation,total,37
2017,anti_bisexual,sexual_orientation,total,28
2017,gender_identity,gender_identity,total,131
2017,anti_transgender,gender_identity,total,118
2017,anti_gnc,gender_identity,total,13
1996,sexual_orientation,sexual_orientation,murder,2
1997,sexual_orientation,sexual_orientation,murder,3
1998,sexual_orientation,sexual_orientation,murder,4
1999,sexual_orientation,sexual_orientation,murder,3
2000,sexual_orientation,sexual_orientation,murder,2
2001,sexual_orientation,sexual_orientation,murder,1
2002,sexual_orientation,sexual_orientation,murder,4
2003,sexual_orientation,sexual_orientation,murder,6
2004,sexual_orientation,sexual_orientation,murder,1
2004,anti_gay,sexual_orientation,murder,0
2004,anti_lesbian,sexual_orientation,murder,0
2004,anti_homo,sexual_orientation,murder,1
2004,anti_hetero,sexual_orientation,murder,0
2004,anti_bisexual,sexual_orientation,murder,0
2005,sexual_orientation,sexual_orientation,murder,0
2005,anti_gay,sexual_orientation,murder,0
2005,anti_lesbian,sexual_orientation,murder,0
2005,anti_homo,sexual_orientation,murder,0
2005,anti_hetero,sexual_orientation,murder,0
2005,anti_bisexual,sexual_orientation,murder,0
2006,sexual_orientation,sexual_orientation,murder,0
2006,anti_gay,sexual_orientation,murder,0
2006,anti_lesbian,sexual_orientation,murder,0
2006,anti_homo,sexual_orientation,murder,0
2006,anti_hetero,sexual_orientation,murder,0
2006,anti_bisexual,sexual_orientation,murder,0
2007,sexual_orientation,sexual_orientation,murder,5
2007,anti_gay,sexual_orientation,murder,4
2007,anti_lesbian,sexual_orientation,murder,0
2007,anti_homo,sexual_orientation,murder,1
2007,anti_hetero,sexual_orientation,murder,0
2007,anti_bisexual,sexual_orientation,murder,0
2008,sexual_orientation,sexual_orientation,murder,5
2008,anti_gay,sexual_orientation,murder,3
2008,anti_lesbian,sexual_orientation,murder,0
2008,anti_homo,sexual_orientation,murder,0
2008,anti_hetero,sexual_orientation,murder,0
2008,anti_bisexual,sexual_orientation,murder,2
2009,sexual_orientation,sexual_orientation,murder,1
2009,anti_gay,sexual_orientation,murder,0
2009,anti_lesbian,sexual_orientation,murder,0
2009,anti_homo,sexual_orientation,murder,1
2009,anti_hetero,sexual_orientation,murder,0
2009,anti_bisexual,sexual_orientation,murder,0
2010,sexual_orientation,sexual_orientation,murder,2
2010,anti_gay,sexual_orientation,murder,1
2010,anti_lesbian,sexual_orientation,murder,0
2010,anti_homo,sexual_orientation,murder,0
2010,anti_hetero,sexual_orientation,murder,0
2010,anti_bisexual,sexual_orientation,murder,1
2011,sexual_orientation,sexual_orientation,murder,3
2011,anti_gay,sexual_orientation,murder,3
2011,anti_lesbian,sexual_orientation,murder,0
2011,anti_homo,sexual_orientation,murder,0
2011,anti_hetero,sexual_orientation,murder,0
2011,anti_bisexual,sexual_orientation,murder,0
2012,sexual_orientation,sexual_orientation,murder,1
2012,anti_gay,sexual_orientation,murder,1
2012,anti_lesbian,sexual_orientation,murder,0
2012,anti_homo,sexual_orientation,murder,0
2012,anti_hetero,sexual_orientation,murder,0
2012,anti_bisexual,sexual_orientation,murder,0
2013,sexual_orientation,sexual_orientation,murder,2
2013,anti_gay,sexual_orientation,murder,2
2013,anti_lesbian,sexual_orientation,murder,0
2013,anti_lgbt,sexual_orientation,murder,0
2013,anti_hetero,sexual_orientation,murder,0
2013,anti_bisexual,sexual_orientation,murder,0
2013,gender_identity,gender_identity,murder,0
2013,anti_transgender,gender_identity,murder,0
2013,anti_gnc,gender_identity,murder,0
2014,sexual_orientation,sexual_orientation,murder,0
2014,anti_gay,sexual_orientation,murder,0
2014,anti_lesbian,sexual_orientation,murder,0
2014,anti_lgbt,sexual_orientation,murder,0
2014,anti_hetero,sexual_orientation,murder,0
2014,anti_bisexual,sexual_orientation,murder,0
2014,gender_identity,gender_identity,murder,0
2014,anti_transgender,gender_identity,murder,0
2014,anti_gnc,gender_identity,murder,0
2015,sexual_orientation,sexual_orientation,murder,1
2015,anti_gay,sexual_orientation,murder,1
2015,anti_lesbian,sexual_orientation,murder,0
2015,anti_lgbt,sexual_orientation,murder,0
2015,anti_hetero,sexual_orientation,murder,0
2015,anti_bisexual,sexual_orientation,murder,0
2015,gender_identity,gender_identity,murder,1
2015,anti_transgender,gender_identity,murder,1
2015,anti_gnc,gender_identity,murder,0
2016,sexual_orientation,sexual_orientation,murder,1
2016,anti_gay,sexual_orientation,murder,1
2016,anti_lesbian,sexual_orientation,murder,0
2016,anti_lgbt,sexual_orientation,murder,0
2016,anti_hetero,sexual_orientation,murder,0
2016,anti_bisexual,sexual_orientation,murder,0
2016,gender_identity,gender_identity,murder,0
2016,anti_transgender,gender_identity,murder,0
2016,anti_gnc,gender_identity,murder,0
2017,sexual_orientation,sexual_orientation,murder,2
2017,anti_gay,sexual_orientation,murder,2
2017,anti_lesbian,sexual_orientation,murder,0
2017,anti_lgbt,sexual_orientation,murder,0
2017,anti_hetero,sexual_orientation,murder,0
2017,anti_bisexual,sexual_orientation,murder,0
2017,gender_identity,gender_identity,murder,0
2017,anti_transgender,gender_identity,murder,0
2017,anti_gnc,gender_identity,murder,0
1996,sexual_orientation,sexual_orientation,rape,0
1997,sexual_orientation,sexual_orientation,rape,5
1998,sexual_orientation,sexual_orientation,rape,2
1999,sexual_orientation,sexual_orientation,rape,1
2000,sexual_orientation,sexual_orientation,rape,0
2001,sexual_orientation,sexual_orientation,rape,1
2002,sexual_orientation,sexual_orientation,rape,3
2003,sexual_orientation,sexual_orientation,rape,3
2004,sexual_orientation,sexual_orientation,rape,0
2004,anti_gay,sexual_orientation,rape,0
2004,anti_lesbian,sexual_orientation,rape,0
2004,anti_homo,sexual_orientation,rape,0
2004,anti_hetero,sexual_orientation,rape,0
2004,anti_bisexual,sexual_orientation,rape,0
2005,sexual_orientation,sexual_orientation,rape,1
2005,anti_gay,sexual_orientation,rape,0
2005,anti_lesbian,sexual_orientation,rape,0
2005,anti_homo,sexual_orientation,rape,1
2005,anti_hetero,sexual_orientation,rape,0
2005,anti_bisexual,sexual_orientation,rape,0
2006,sexual_orientation,sexual_orientation,rape,0
2006,anti_gay,sexual_orientation,rape,0
2006,anti_lesbian,sexual_orientation,rape,0
2006,anti_homo,sexual_orientation,rape,0
2006,anti_hetero,sexual_orientation,rape,0
2006,anti_bisexual,sexual_orientation,rape,0
2007,sexual_orientation,sexual_orientation,rape,0
2007,anti_gay,sexual_orientation,rape,0
2007,anti_lesbian,sexual_orientation,rape,0
2007,anti_homo,sexual_orientation,rape,0
2007,anti_hetero,sexual_orientation,rape,0
2007,anti_bisexual,sexual_orientation,rape,0
2008,sexual_orientation,sexual_orientation,rape,6
2008,anti_gay,sexual_orientation,rape,1
2008,anti_lesbian,sexual_orientation,rape,5
2008,anti_homo,sexual_orientation,rape,0
2008,anti_hetero,sexual_orientation,rape,0
2008,anti_bisexual,sexual_orientation,rape,0
2009,sexual_orientation,sexual_orientation,rape,4
2009,anti_gay,sexual_orientation,rape,0
2009,anti_lesbian,sexual_orientation,rape,4
2009,anti_homo,sexual_orientation,rape,0
2009,anti_hetero,sexual_orientation,rape,0
2009,anti_bisexual,sexual_orientation,rape,0
2010,sexual_orientation,sexual_orientation,rape,1
2010,anti_gay,sexual_orientation,rape,0
2010,anti_lesbian,sexual_orientation,rape,1
2010,anti_homo,sexual_orientation,rape,0
2010,anti_hetero,sexual_orientation,rape,0
2010,anti_bisexual,sexual_orientation,rape,0
2011,sexual_orientation,sexual_orientation,rape,2
2011,anti_gay,sexual_orientation,rape,0
2011,anti_lesbian,sexual_orientation,rape,2
2011,anti_homo,sexual_orientation,rape,0
2011,anti_hetero,sexual_orientation,rape,0
2011,anti_bisexual,sexual_orientation,rape,0
2012,sexual_orientation,sexual_orientation,rape,10
2012,anti_gay,sexual_orientation,rape,4
2012,anti_lesbian,sexual_orientation,rape,4
2012,anti_homo,sexual_orientation,rape,1
2012,anti_hetero,sexual_orientation,rape,0
2012,anti_bisexual,sexual_orientation,rape,1
2013,sexual_orientation,sexual_orientation,rape,7
2013,anti_gay,sexual_orientation,rape,0
2013,anti_lesbian,sexual_orientation,rape,4
2013,anti_lgbt,sexual_orientation,rape,1
2013,anti_hetero,sexual_orientation,rape,1
2013,anti_bisexual,sexual_orientation,rape,1
2013,gender_identity,gender_identity,rape,1
2013,anti_transgender,gender_identity,rape,0
2013,anti_gnc,gender_identity,rape,1
2014,sexual_orientation,sexual_orientation,rape,1
2014,anti_gay,sexual_orientation,rape,0
2014,anti_lesbian,sexual_orientation,rape,0
2014,anti_lgbt,sexual_orientation,rape,1
2014,anti_hetero,sexual_orientation,rape,0
2014,anti_bisexual,sexual_orientation,rape,0
2014,gender_identity,gender_identity,rape,0
2014,anti_transgender,gender_identity,rape,0
2014,anti_gnc,gender_identity,rape,0
2015,sexual_orientation,sexual_orientation,rape,5
2015,anti_gay,sexual_orientation,rape,2
2015,anti_lesbian,sexual_orientation,rape,2
2015,anti_lgbt,sexual_orientation,rape,1
2015,anti_hetero,sexual_orientation,rape,0
2015,anti_bisexual,sexual_orientation,rape,0
2015,gender_identity,gender_identity,rape,1
2015,anti_transgender,gender_identity,rape,1
2015,anti_gnc,gender_identity,rape,0
2016,sexual_orientation,sexual_orientation,rape,9
2016,anti_gay,sexual_orientation,rape,1
2016,anti_lesbian,sexual_orientation,rape,4
2016,anti_lgbt,sexual_orientation,rape,4
2016,anti_hetero,sexual_orientation,rape,0
2016,anti_bisexual,sexual_orientation,rape,0
2016,gender_identity,gender_identity,rape,1
2016,anti_transgender,gender_identity,rape,1
2016,anti_gnc,gender_identity,rape,0
2017,sexual_orientation,sexual_orientation,rape,8
2017,anti_gay,sexual_orientation,rape,3
2017,anti_lesbian,sexual_orientation,rape,3
2017,anti_lgbt,sexual_orientation,rape,1
2017,anti_hetero,sexual_orientation,rape,0
2017,anti_bisexual,sexual_orientation,rape,1
2017,gender_identity,gender_identity,rape,0
2017,anti_transgender,gender_identity,rape,0
2017,anti_gnc,gender_identity,rape,0
1996,sexual_orientation,sexual_orientation,agg_assault,222
1997,sexual_orientation,sexual_orientation,agg_assault,202
1998,sexual_orientation,sexual_orientation,agg_assault,194
1999,sexual_orientation,sexual_orientation,agg_assault,180
2000,sexual_orientation,sexual_orientation,agg_assault,216
2001,sexual_orientation,sexual_orientation,agg_assault,203
2002,sexual_orientation,sexual_orientation,agg_assault,208
2003,sexual_orientation,sexual_orientation,agg_assault,162
2004,sexual_orientation,sexual_orientation,agg_assault,208
2004,anti_gay,sexual_orientation,agg_assault,113
2004,anti_lesbian,sexual_orientation,agg_assault,34
2004,anti_homo,sexual_orientation,agg_assault,51
2004,anti_hetero,sexual_orientation,agg_assault,7
2004,anti_bisexual,sexual_orientation,agg_assault,3
2005,sexual_orientation,sexual_orientation,agg_assault,177
2005,anti_gay,sexual_orientation,agg_assault,105
2005,anti_lesbian,sexual_orientation,agg_assault,29
2005,anti_homo,sexual_orientation,agg_assault,34
2005,anti_hetero,sexual_orientation,agg_assault,3
2005,anti_bisexual,sexual_orientation,agg_assault,6
2006,sexual_orientation,sexual_orientation,agg_assault,267
2006,anti_gay,sexual_orientation,agg_assault,187
2006,anti_lesbian,sexual_orientation,agg_assault,27
2006,anti_homo,sexual_orientation,agg_assault,52
2006,anti_hetero,sexual_orientation,agg_assault,1
2006,anti_bisexual,sexual_orientation,agg_assault,0
2007,sexual_orientation,sexual_orientation,agg_assault,242
2007,anti_gay,sexual_orientation,agg_assault,142
2007,anti_lesbian,sexual_orientation,agg_assault,37
2007,anti_homo,sexual_orientation,agg_assault,61
2007,anti_hetero,sexual_orientation,agg_assault,1
2007,anti_bisexual,sexual_orientation,agg_assault,1
2008,sexual_orientation,sexual_orientation,agg_assault,232
2008,anti_gay,sexual_orientation,agg_assault,152
2008,anti_lesbian,sexual_orientation,agg_assault,22
2008,anti_homo,sexual_orientation,agg_assault,54
2008,anti_hetero,sexual_orientation,agg_assault,3
2008,anti_bisexual,sexual_orientation,agg_assault,1
2009,sexual_orientation,sexual_orientation,agg_assault,227
2009,anti_gay,sexual_orientation,agg_assault,137
2009,anti_lesbian,sexual_orientation,agg_assault,36
2009,anti_homo,sexual_orientation,agg_assault,51
2009,anti_hetero,sexual_orientation,agg_assault,3
2009,anti_bisexual,sexual_orientation,agg_assault,0
2010,sexual_orientation,sexual_orientation,agg_assault,247
2010,anti_gay,sexual_orientation,agg_assault,158
2010,anti_lesbian,sexual_orientation,agg_assault,23
2010,anti_homo,sexual_orientation,agg_assault,58
2010,anti_hetero,sexual_orientation,agg_assault,3
2010,anti_bisexual,sexual_orientation,agg_assault,5
2011,sexual_orientation,sexual_orientation,agg_assault,252
2011,anti_gay,sexual_orientation,agg_assault,162
2011,anti_lesbian,sexual_orientation,agg_assault,28
2011,anti_homo,sexual_orientation,agg_assault,60
2011,anti_hetero,sexual_orientation,agg_assault,2
2011,anti_bisexual,sexual_orientation,agg_assault,0
2012,sexual_orientation,sexual_orientation,agg_assault,211
2012,anti_gay,sexual_orientation,agg_assault,114
2012,anti_lesbian,sexual_orientation,agg_assault,14
2012,anti_homo,sexual_orientation,agg_assault,75
2012,anti_hetero,sexual_orientation,agg_assault,1
2012,anti_bisexual,sexual_orientation,agg_assault,7
2013,sexual_orientation,sexual_orientation,agg_assault,193
2013,anti_gay,sexual_orientation,agg_assault,120
2013,anti_lesbian,sexual_orientation,agg_assault,24
2013,anti_lgbt,sexual_orientation,agg_assault,47
2013,anti_hetero,sexual_orientation,agg_assault,0
2013,anti_bisexual,sexual_orientation,agg_assault,2
2013,gender_identity,gender_identity,agg_assault,8
2013,anti_transgender,gender_identity,agg_assault,8
2013,anti_gnc,gender_identity,agg_assault,0
2014,sexual_orientation,sexual_orientation,agg_assault,171
2014,anti_gay,sexual_orientation,agg_assault,108
2014,anti_lesbian,sexual_orientation,agg_assault,23
2014,anti_lgbt,sexual_orientation,agg_assault,36
2014,anti_hetero,sexual_orientation,agg_assault,0
2014,anti_bisexual,sexual_orientation,agg_assault,4
2014,gender_identity,gender_identity,agg_assault,23
2014,anti_transgender,gender_identity,agg_assault,18
2014,anti_gnc,gender_identity,agg_assault,5
2015,sexual_orientation,sexual_orientation,agg_assault,214
2015,anti_gay,sexual_orientation,agg_assault,140
2015,anti_lesbian,sexual_orientation,agg_assault,31
2015,anti_lgbt,sexual_orientation,agg_assault,39
2015,anti_hetero,sexual_orientation,agg_assault,1
2015,anti_bisexual,sexual_orientation,agg_assault,3
2015,gender_identity,gender_identity,agg_assault,22
2015,anti_transgender,gender_identity,agg_assault,15
2015,anti_gnc,gender_identity,agg_assault,7
2016,sexual_orientation,sexual_orientation,agg_assault,197
2016,anti_gay,sexual_orientation,agg_assault,126
2016,anti_lesbian,sexual_orientation,agg_assault,23
2016,anti_lgbt,sexual_orientation,agg_assault,45
2016,anti_hetero,sexual_orientation,agg_assault,1
2016,anti_bisexual,sexual_orientation,agg_assault,2
2016,gender_identity,gender_identity,agg_assault,25
2016,anti_transgender,gender_identity,agg_assault,24
2016,anti_gnc,gender_identity,agg_assault,1
2017,sexual_orientation,sexual_orientation,agg_assault,237
2017,anti_gay,sexual_orientation,agg_assault,161
2017,anti_lesbian,sexual_orientation,agg_assault,21
2017,anti_lgbt,sexual_orientation,agg_assault,44
2017,anti_hetero,sexual_orientation,agg_assault,5
2017,anti_bisexual,sexual_orientation,agg_assault,6
2017,gender_identity,gender_identity,agg_assault,28
2017,anti_transgender,gender_identity,agg_assault,27
2017,anti_gnc,gender_identity,agg_assault,1
1996,sexual_orientation,sexual_orientation,sim_assault,287
1997,sexual_orientation,sexual_orientation,sim_assault,348
1998,sexual_orientation,sexual_orientation,sim_assault,376
1999,sexual_orientation,sexual_orientation,sim_assault,391
2000,sexual_orientation,sexual_orientation,sim_assault,391
2001,sexual_orientation,sexual_orientation,sim_assault,460
2002,sexual_orientation,sexual_orientation,sim_assault,418
2003,sexual_orientation,sexual_orientation,sim_assault,446
2004,sexual_orientation,sexual_orientation,sim_assault,372
2004,anti_gay,sexual_orientation,sim_assault,253
2004,anti_lesbian,sexual_orientation,sim_assault,49
2004,anti_homo,sexual_orientation,sim_assault,58
2004,anti_hetero,sexual_orientation,sim_assault,7
2004,anti_bisexual,sexual_orientation,sim_assault,5
2005,sexual_orientation,sexual_orientation,sim_assault,333
2005,anti_gay,sexual_orientation,sim_assault,203
2005,anti_lesbian,sexual_orientation,sim_assault,43
2005,anti_homo,sexual_orientation,sim_assault,76
2005,anti_hetero,sexual_orientation,sim_assault,5
2005,anti_bisexual,sexual_orientation,sim_assault,6
2006,sexual_orientation,sexual_orientation,sim_assault,395
2006,anti_gay,sexual_orientation,sim_assault,261
2006,anti_lesbian,sexual_orientation,sim_assault,44
2006,anti_homo,sexual_orientation,sim_assault,83
2006,anti_hetero,sexual_orientation,sim_assault,2
2006,anti_bisexual,sexual_orientation,sim_assault,5
2007,sexual_orientation,sexual_orientation,sim_assault,448
2007,anti_gay,sexual_orientation,sim_assault,280
2007,anti_lesbian,sexual_orientation,sim_assault,48
2007,anti_homo,sexual_orientation,sim_assault,104
2007,anti_hetero,sexual_orientation,sim_assault,7
2007,anti_bisexual,sexual_orientation,sim_assault,9
2008,sexual_orientation,sexual_orientation,sim_assault,501
2008,anti_gay,sexual_orientation,sim_assault,312
2008,anti_lesbian,sexual_orientation,sim_assault,58
2008,anti_homo,sexual_orientation,sim_assault,111
2008,anti_hetero,sexual_orientation,sim_assault,8
2008,anti_bisexual,sexual_orientation,sim_assault,12
2009,sexual_orientation,sexual_orientation,sim_assault,493
2009,anti_gay,sexual_orientation,sim_assault,291
2009,anti_lesbian,sexual_orientation,sim_assault,73
2009,anti_homo,sexual_orientation,sim_assault,118
2009,anti_hetero,sexual_orientation,sim_assault,5
2009,anti_bisexual,sexual_orientation,sim_assault,6
2010,sexual_orientation,sexual_orientation,sim_assault,495
2010,anti_gay,sexual_orientation,sim_assault,301
2010,anti_lesbian,sexual_orientation,sim_assault,40
2010,anti_homo,sexual_orientation,sim_assault,139
2010,anti_hetero,sexual_orientation,sim_assault,7
2010,anti_bisexual,sexual_orientation,sim_assault,8
2011,sexual_orientation,sexual_orientation,sim_assault,491
2011,anti_gay,sexual_orientation,sim_assault,291
2011,anti_lesbian,sexual_orientation,sim_assault,42
2011,anti_homo,sexual_orientation,sim_assault,142
2011,anti_hetero,sexual_orientation,sim_assault,5
2011,anti_bisexual,sexual_orientation,sim_assault,11
2012,sexual_orientation,sexual_orientation,sim_assault,453
2012,anti_gay,sexual_orientation,sim_assault,285
2012,anti_lesbian,sexual_orientation,sim_assault,45
2012,anti_homo,sexual_orientation,sim_assault,111
2012,anti_hetero,sexual_orientation,sim_assault,3
2012,anti_bisexual,sexual_orientation,sim_assault,9
2013,sexual_orientation,sexual_orientation,sim_assault,547
2013,anti_gay,sexual_orientation,sim_assault,359
2013,anti_lesbian,sexual_orientation,sim_assault,66
2013,anti_lgbt,sexual_orientation,sim_assault,111
2013,anti_hetero,sexual_orientation,sim_assault,6
2013,anti_bisexual,sexual_orientation,sim_assault,5
2013,gender_identity,gender_identity,sim_assault,10
2013,anti_transgender,gender_identity,sim_assault,7
2013,anti_gnc,gender_identity,sim_assault,3
2014,sexual_orientation,sexual_orientation,sim_assault,397
2014,anti_gay,sexual_orientation,sim_assault,259
2014,anti_lesbian,sexual_orientation,sim_assault,40
2014,anti_lgbt,sexual_orientation,sim_assault,88
2014,anti_hetero,sexual_orientation,sim_assault,4
2014,anti_bisexual,sexual_orientation,sim_assault,6
2014,gender_identity,gender_identity,sim_assault,27
2014,anti_transgender,gender_identity,sim_assault,21
2014,anti_gnc,gender_identity,sim_assault,6
2015,sexual_orientation,sexual_orientation,sim_assault,461
2015,anti_gay,sexual_orientation,sim_assault,297
2015,anti_lesbian,sexual_orientation,sim_assault,66
2015,anti_lgbt,sexual_orientation,sim_assault,75
2015,anti_hetero,sexual_orientation,sim_assault,8
2015,anti_bisexual,sexual_orientation,sim_assault,15
2015,gender_identity,gender_identity,sim_assault,36
2015,anti_transgender,gender_identity,sim_assault,27
2015,anti_gnc,gender_identity,sim_assault,9
2016,sexual_orientation,sexual_orientation,sim_assault,414
2016,anti_gay,sexual_orientation,sim_assault,281
2016,anti_lesbian,sexual_orientation,sim_assault,46
2016,anti_lgbt,sexual_orientation,sim_assault,71
2016,anti_hetero,sexual_orientation,sim_assault,2
2016,anti_bisexual,sexual_orientation,sim_assault,14
2016,gender_identity,gender_identity,sim_assault,49
2016,anti_transgender,gender_identity,sim_assault,47
2016,anti_gnc,gender_identity,sim_assault,2
2017,sexual_orientation,sexual_orientation,sim_assault,383
2017,anti_gay,sexual_orientation,sim_assault,233
2017,anti_lesbian,sexual_orientation,sim_assault,51
2017,anti_lgbt,sexual_orientation,sim_assault,83
2017,anti_hetero,sexual_orientation,sim_assault,8
2017,anti_bisexual,sexual_orientation,sim_assault,8
2017,gender_identity,gender_identity,sim_assault,47
2017,anti_transgender,gender_identity,sim_assault,43
2017,anti_gnc,gender_identity,sim_assault,4
1996,sexual_orientation,sexual_orientation,intimidation,472
1997,sexual_orientation,sexual_orientation,intimidation,479
1998,sexual_orientation,sexual_orientation,intimidation,494
1999,sexual_orientation,sexual_orientation,intimidation,477
2000,sexual_orientation,sexual_orientation,intimidation,435
2001,sexual_orientation,sexual_orientation,intimidation,462
2002,sexual_orientation,sexual_orientation,intimidation,449
2003,sexual_orientation,sexual_orientation,intimidation,433
2004,sexual_orientation,sexual_orientation,intimidation,389
2004,anti_gay,sexual_orientation,intimidation,252
2004,anti_lesbian,sexual_orientation,intimidation,61
2004,anti_homo,sexual_orientation,intimidation,69
2004,anti_hetero,sexual_orientation,intimidation,4
2004,anti_bisexual,sexual_orientation,intimidation,3
2005,sexual_orientation,sexual_orientation,intimidation,301
2005,anti_gay,sexual_orientation,intimidation,195
2005,anti_lesbian,sexual_orientation,intimidation,52
2005,anti_homo,sexual_orientation,intimidation,47
2005,anti_hetero,sexual_orientation,intimidation,5
2005,anti_bisexual,sexual_orientation,intimidation,2
2006,sexual_orientation,sexual_orientation,intimidation,338
2006,anti_gay,sexual_orientation,intimidation,220
2006,anti_lesbian,sexual_orientation,intimidation,50
2006,anti_homo,sexual_orientation,intimidation,54
2006,anti_hetero,sexual_orientation,intimidation,8
2006,anti_bisexual,sexual_orientation,intimidation,6
2007,sexual_orientation,sexual_orientation,intimidation,335
2007,anti_gay,sexual_orientation,intimidation,203
2007,anti_lesbian,sexual_orientation,intimidation,47
2007,anti_homo,sexual_orientation,intimidation,74
2007,anti_hetero,sexual_orientation,intimidation,8
2007,anti_bisexual,sexual_orientation,intimidation,3
2008,sexual_orientation,sexual_orientation,intimidation,419
2008,anti_gay,sexual_orientation,intimidation,238
2008,anti_lesbian,sexual_orientation,intimidation,61
2008,anti_homo,sexual_orientation,intimidation,110
2008,anti_hetero,sexual_orientation,intimidation,7
2008,anti_bisexual,sexual_orientation,intimidation,3
2009,sexual_orientation,sexual_orientation,intimidation,325
2009,anti_gay,sexual_orientation,intimidation,170
2009,anti_lesbian,sexual_orientation,intimidation,47
2009,anti_homo,sexual_orientation,intimidation,100
2009,anti_hetero,sexual_orientation,intimidation,3
2009,anti_bisexual,sexual_orientation,intimidation,5
2010,sexual_orientation,sexual_orientation,intimidation,331
2010,anti_gay,sexual_orientation,intimidation,190
2010,anti_lesbian,sexual_orientation,intimidation,52
2010,anti_homo,sexual_orientation,intimidation,84
2010,anti_hetero,sexual_orientation,intimidation,1
2010,anti_bisexual,sexual_orientation,intimidation,4
2011,sexual_orientation,sexual_orientation,intimidation,380
2011,anti_gay,sexual_orientation,intimidation,218
2011,anti_lesbian,sexual_orientation,intimidation,56
2011,anti_homo,sexual_orientation,intimidation,99
2011,anti_hetero,sexual_orientation,intimidation,3
2011,anti_bisexual,sexual_orientation,intimidation,4
2012,sexual_orientation,sexual_orientation,intimidation,262
2012,anti_gay,sexual_orientation,intimidation,141
2012,anti_lesbian,sexual_orientation,intimidation,43
2012,anti_homo,sexual_orientation,intimidation,70
2012,anti_hetero,sexual_orientation,intimidation,3
2012,anti_bisexual,sexual_orientation,intimidation,5
2013,sexual_orientation,sexual_orientation,intimidation,318
2013,anti_gay,sexual_orientation,intimidation,188
2013,anti_lesbian,sexual_orientation,intimidation,56
2013,anti_lgbt,sexual_orientation,intimidation,58
2013,anti_hetero,sexual_orientation,intimidation,6
2013,anti_bisexual,sexual_orientation,intimidation,10
2013,gender_identity,gender_identity,intimidation,4
2013,anti_transgender,gender_identity,intimidation,4
2013,anti_gnc,gender_identity,intimidation,0
2014,sexual_orientation,sexual_orientation,intimidation,306
2014,anti_gay,sexual_orientation,intimidation,166
2014,anti_lesbian,sexual_orientation,intimidation,66
2014,anti_lgbt,sexual_orientation,intimidation,66
2014,anti_hetero,sexual_orientation,intimidation,5
2014,anti_bisexual,sexual_orientation,intimidation,3
2014,gender_identity,gender_identity,intimidation,16
2014,anti_transgender,gender_identity,intimidation,16
2014,anti_gnc,gender_identity,intimidation,0
2015,sexual_orientation,sexual_orientation,intimidation,253
2015,anti_gay,sexual_orientation,intimidation,144
2015,anti_lesbian,sexual_orientation,intimidation,38
2015,anti_lgbt,sexual_orientation,intimidation,58
2015,anti_hetero,sexual_orientation,intimidation,5
2015,anti_bisexual,sexual_orientation,intimidation,8
2015,gender_identity,gender_identity,intimidation,19
2015,anti_transgender,gender_identity,intimidation,15
2015,anti_gnc,gender_identity,intimidation,4
2016,sexual_orientation,sexual_orientation,intimidation,289
2016,anti_gay,sexual_orientation,intimidation,183
2016,anti_lesbian,sexual_orientation,intimidation,37
2016,anti_lgbt,sexual_orientation,intimidation,59
2016,anti_hetero,sexual_orientation,intimidation,7
2016,anti_bisexual,sexual_orientation,intimidation,3
2016,gender_identity,gender_identity,intimidation,16
2016,anti_transgender,gender_identity,intimidation,14
2016,anti_gnc,gender_identity,intimidation,2
2017,sexual_orientation,sexual_orientation,intimidation,327
2017,anti_gay,sexual_orientation,intimidation,170
2017,anti_lesbian,sexual_orientation,intimidation,50
2017,anti_lgbt,sexual_orientation,intimidation,95
2017,anti_hetero,sexual_orientation,intimidation,8
2017,anti_bisexual,sexual_orientation,intimidation,4
2017,gender_identity,gender_identity,intimidation,25
2017,anti_transgender,gender_identity,intimidation,24
2017,anti_gnc,gender_identity,intimidation,1
1996,sexual_orientation,sexual_orientation,human_traffick,0
1997,sexual_orientation,sexual_orientation,human_traffick,0
1998,sexual_orientation,sexual_orientation,human_traffick,0
1999,sexual_orientation,sexual_orientation,human_traffick,0
2000,sexual_orientation,sexual_orientation,human_traffick,0
2001,sexual_orientation,sexual_orientation,human_traffick,0
2002,sexual_orientation,sexual_orientation,human_traffick,0
2003,sexual_orientation,sexual_orientation,human_traffick,0
2004,sexual_orientation,sexual_orientation,human_traffick,0
2004,anti_gay,sexual_orientation,human_traffick,0
2004,anti_lesbian,sexual_orientation,human_traffick,0
2004,anti_homo,sexual_orientation,human_traffick,0
2004,anti_hetero,sexual_orientation,human_traffick,0
2004,anti_bisexual,sexual_orientation,human_traffick,0
2005,sexual_orientation,sexual_orientation,human_traffick,0
2005,anti_gay,sexual_orientation,human_traffick,0
2005,anti_lesbian,sexual_orientation,human_traffick,0
2005,anti_homo,sexual_orientation,human_traffick,0
2005,anti_hetero,sexual_orientation,human_traffick,0
2005,anti_bisexual,sexual_orientation,human_traffick,0
2006,sexual_orientation,sexual_orientation,human_traffick,0
2006,anti_gay,sexual_orientation,human_traffick,0
2006,anti_lesbian,sexual_orientation,human_traffick,0
2006,anti_homo,sexual_orientation,human_traffick,0
2006,anti_hetero,sexual_orientation,human_traffick,0
2006,anti_bisexual,sexual_orientation,human_traffick,0
2007,sexual_orientation,sexual_orientation,human_traffick,0
2007,anti_gay,sexual_orientation,human_traffick,0
2007,anti_lesbian,sexual_orientation,human_traffick,0
2007,anti_homo,sexual_orientation,human_traffick,0
2007,anti_hetero,sexual_orientation,human_traffick,0
2007,anti_bisexual,sexual_orientation,human_traffick,0
2008,sexual_orientation,sexual_orientation,human_traffick,0
2008,anti_gay,sexual_orientation,human_traffick,0
2008,anti_lesbian,sexual_orientation,human_traffick,0
2008,anti_homo,sexual_orientation,human_traffick,0
2008,anti_hetero,sexual_orientation,human_traffick,0
2008,anti_bisexual,sexual_orientation,human_traffick,0
2009,sexual_orientation,sexual_orientation,human_traffick,0
2009,anti_gay,sexual_orientation,human_traffick,0
2009,anti_lesbian,sexual_orientation,human_traffick,0
2009,anti_homo,sexual_orientation,human_traffick,0
2009,anti_hetero,sexual_orientation,human_traffick,0
2009,anti_bisexual,sexual_orientation,human_traffick,0
2010,sexual_orientation,sexual_orientation,human_traffick,0
2010,anti_gay,sexual_orientation,human_traffick,0
2010,anti_lesbian,sexual_orientation,human_traffick,0
2010,anti_homo,sexual_orientation,human_traffick,0
2010,anti_hetero,sexual_orientation,human_traffick,0
2010,anti_bisexual,sexual_orientation,human_traffick,0
2011,sexual_orientation,sexual_orientation,human_traffick,0
2011,anti_gay,sexual_orientation,human_traffick,0
2011,anti_lesbian,sexual_orientation,human_traffick,0
2011,anti_homo,sexual_orientation,human_traffick,0
2011,anti_hetero,sexual_orientation,human_traffick,0
2011,anti_bisexual,sexual_orientation,human_traffick,0
2012,sexual_orientation,sexual_orientation,human_traffick,0
2012,anti_gay,sexual_orientation,human_traffick,0
2012,anti_lesbian,sexual_orientation,human_traffick,0
2012,anti_homo,sexual_orientation,human_traffick,0
2012,anti_hetero,sexual_orientation,human_traffick,0
2012,anti_bisexual,sexual_orientation,human_traffick,0
2013,sexual_orientation,sexual_orientation,human_traffick,0
2013,anti_gay,sexual_orientation,human_traffick,0
2013,anti_lesbian,sexual_orientation,human_traffick,0
2013,anti_lgbt,sexual_orientation,human_traffick,0
2013,anti_hetero,sexual_orientation,human_traffick,0
2013,anti_bisexual,sexual_orientation,human_traffick,0
2013,gender_identity,gender_identity,human_traffick,0
2013,anti_transgender,gender_identity,human_traffick,0
2013,anti_gnc,gender_identity,human_traffick,0
2014,sexual_orientation,sexual_orientation,human_traffick,0
2014,anti_gay,sexual_orientation,human_traffick,0
2014,anti_lesbian,sexual_orientation,human_traffick,0
2014,anti_lgbt,sexual_orientation,human_traffick,0
2014,anti_hetero,sexual_orientation,human_traffick,0
2014,anti_bisexual,sexual_orientation,human_traffick,0
2014,gender_identity,gender_identity,human_traffick,0
2014,anti_transgender,gender_identity,human_traffick,0
2014,anti_gnc,gender_identity,human_traffick,0
2015,sexual_orientation,sexual_orientation,human_traffick,0
2015,anti_gay,sexual_orientation,human_traffick,0
2015,anti_lesbian,sexual_orientation,human_traffick,0
2015,anti_lgbt,sexual_orientation,human_traffick,0
2015,anti_hetero,sexual_orientation,human_traffick,0
2015,anti_bisexual,sexual_orientation,human_traffick,0
2015,gender_identity,gender_identity,human_traffick,0
2015,anti_transgender,gender_identity,human_traffick,0
2015,anti_gnc,gender_identity,human_traffick,0
2016,sexual_orientation,sexual_orientation,human_traffick,0
2016,anti_gay,sexual_orientation,human_traffick,0
2016,anti_lesbian,sexual_orientation,human_traffick,0
2016,anti_lgbt,sexual_orientation,human_traffick,0
2016,anti_hetero,sexual_orientation,human_traffick,0
2016,anti_bisexual,sexual_orientation,human_traffick,0
2016,gender_identity,gender_identity,human_traffick,0
2016,anti_transgender,gender_identity,human_traffick,0
2016,anti_gnc,gender_identity,human_traffick,0
2017,sexual_orientation,sexual_orientation,human_traffick,0
2017,anti_gay,sexual_orientation,human_traffick,0
2017,anti_lesbian,sexual_orientation,human_traffick,0
2017,anti_lgbt,sexual_orientation,human_traffick,0
2017,anti_hetero,sexual_orientation,human_traffick,0
2017,anti_bisexual,sexual_orientation,human_traffick,0
2017,gender_identity,gender_identity,human_traffick,0
2017,anti_transgender,gender_identity,human_traffick,0
2017,anti_gnc,gender_identity,human_traffick,0
1996,sexual_orientation,sexual_orientation,other_person,0
1997,sexual_orientation,sexual_orientation,other_person,0
1998,sexual_orientation,sexual_orientation,other_person,0
1999,sexual_orientation,sexual_orientation,other_person,6
2000,sexual_orientation,sexual_orientation,other_person,6
2001,sexual_orientation,sexual_orientation,other_person,10
2002,sexual_orientation,sexual_orientation,other_person,2
2003,sexual_orientation,sexual_orientation,other_person,1
2004,sexual_orientation,sexual_orientation,other_person,9
2004,anti_gay,sexual_orientation,other_person,6
2004,anti_lesbian,sexual_orientation,other_person,1
2004,anti_homo,sexual_orientation,other_person,1
2004,anti_hetero,sexual_orientation,other_person,1
2004,anti_bisexual,sexual_orientation,other_person,0
2005,sexual_orientation,sexual_orientation,other_person,6
2005,anti_gay,sexual_orientation,other_person,4
2005,anti_lesbian,sexual_orientation,other_person,1
2005,anti_homo,sexual_orientation,other_person,0
2005,anti_hetero,sexual_orientation,other_person,1
2005,anti_bisexual,sexual_orientation,other_person,0
2006,sexual_orientation,sexual_orientation,other_person,4
2006,anti_gay,sexual_orientation,other_person,0
2006,anti_lesbian,sexual_orientation,other_person,3
2006,anti_homo,sexual_orientation,other_person,0
2006,anti_hetero,sexual_orientation,other_person,1
2006,anti_bisexual,sexual_orientation,other_person,0
2007,sexual_orientation,sexual_orientation,other_person,9
2007,anti_gay,sexual_orientation,other_person,6
2007,anti_lesbian,sexual_orientation,other_person,0
2007,anti_homo,sexual_orientation,other_person,1
2007,anti_hetero,sexual_orientation,other_person,2
2007,anti_bisexual,sexual_orientation,other_person,0
2008,sexual_orientation,sexual_orientation,other_person,5
2008,anti_gay,sexual_orientation,other_person,1
2008,anti_lesbian,sexual_orientation,other_person,1
2008,anti_homo,sexual_orientation,other_person,3
2008,anti_hetero,sexual_orientation,other_person,0
2008,anti_bisexual,sexual_orientation,other_person,0
2009,sexual_orientation,sexual_orientation,other_person,2
2009,anti_gay,sexual_orientation,other_person,1
2009,anti_lesbian,sexual_orientation,other_person,1
2009,anti_homo,sexual_orientation,other_person,0
2009,anti_hetero,sexual_orientation,other_person,0
2009,anti_bisexual,sexual_orientation,other_person,0
2010,sexual_orientation,sexual_orientation,other_person,6
2010,anti_gay,sexual_orientation,other_person,3
2010,anti_lesbian,sexual_orientation,other_person,3
2010,anti_homo,sexual_orientation,other_person,0
2010,anti_hetero,sexual_orientation,other_person,0
2010,anti_bisexual,sexual_orientation,other_person,0
2011,sexual_orientation,sexual_orientation,other_person,6
2011,anti_gay,sexual_orientation,other_person,5
2011,anti_lesbian,sexual_orientation,other_person,0
2011,anti_homo,sexual_orientation,other_person,1
2011,anti_hetero,sexual_orientation,other_person,0
2011,anti_bisexual,sexual_orientation,other_person,0
2012,sexual_orientation,sexual_orientation,other_person,11
2012,anti_gay,sexual_orientation,other_person,4
2012,anti_lesbian,sexual_orientation,other_person,1
2012,anti_homo,sexual_orientation,other_person,0
2012,anti_hetero,sexual_orientation,other_person,6
2012,anti_bisexual,sexual_orientation,other_person,0
2013,sexual_orientation,sexual_orientation,other_person,1
2013,anti_gay,sexual_orientation,other_person,0
2013,anti_lesbian,sexual_orientation,other_person,0
2013,anti_lgbt,sexual_orientation,other_person,0
2013,anti_hetero,sexual_orientation,other_person,1
2013,anti_bisexual,sexual_orientation,other_person,0
2013,gender_identity,gender_identity,other_person,0
2013,anti_transgender,gender_identity,other_person,0
2013,anti_gnc,gender_identity,other_person,0
2014,sexual_orientation,sexual_orientation,other_person,1
2014,anti_gay,sexual_orientation,other_person,1
2014,anti_lesbian,sexual_orientation,other_person,0
2014,anti_lgbt,sexual_orientation,other_person,0
2014,anti_hetero,sexual_orientation,other_person,0
2014,anti_bisexual,sexual_orientation,other_person,0
2014,gender_identity,gender_identity,other_person,0
2014,anti_transgender,gender_identity,other_person,0
2014,anti_gnc,gender_identity,other_person,0
2015,sexual_orientation,sexual_orientation,other_person,4
2015,anti_gay,sexual_orientation,other_person,2
2015,anti_lesbian,sexual_orientation,other_person,0
2015,anti_lgbt,sexual_orientation,other_person,0
2015,anti_hetero,sexual_orientation,other_person,1
2015,anti_bisexual,sexual_orientation,other_person,1
2015,gender_identity,gender_identity,other_person,1
2015,anti_transgender,gender_identity,other_person,1
2015,anti_gnc,gender_identity,other_person,0
2016,sexual_orientation,sexual_orientation,other_person,4
2016,anti_gay,sexual_orientation,other_person,3
2016,anti_lesbian,sexual_orientation,other_person,0
2016,anti_lgbt,sexual_orientation,other_person,1
2016,anti_hetero,sexual_orientation,other_person,0
2016,anti_bisexual,sexual_orientation,other_person,0
2016,gender_identity,gender_identity,other_person,5
2016,anti_transgender,gender_identity,other_person,5
2016,anti_gnc,gender_identity,other_person,0
2017,sexual_orientation,sexual_orientation,other_person,5
2017,anti_gay,sexual_orientation,other_person,2
2017,anti_lesbian,sexual_orientation,other_person,1
2017,anti_lgbt,sexual_orientation,other_person,2
2017,anti_hetero,sexual_orientation,other_person,0
2017,anti_bisexual,sexual_orientation,other_person,0
2017,gender_identity,gender_identity,other_person,0
2017,anti_transgender,gender_identity,other_person,0
2017,anti_gnc,gender_identity,other_person,0
1996,sexual_orientation,sexual_orientation,robbery,31
1997,sexual_orientation,sexual_orientation,robbery,44
1998,sexual_orientation,sexual_orientation,robbery,44
1999,sexual_orientation,sexual_orientation,robbery,46
2000,sexual_orientation,sexual_orientation,robbery,48
2001,sexual_orientation,sexual_orientation,robbery,48
2002,sexual_orientation,sexual_orientation,robbery,43
2003,sexual_orientation,sexual_orientation,robbery,36
2004,sexual_orientation,sexual_orientation,robbery,37
2004,anti_gay,sexual_orientation,robbery,29
2004,anti_lesbian,sexual_orientation,robbery,3
2004,anti_homo,sexual_orientation,robbery,4
2004,anti_hetero,sexual_orientation,robbery,1
2004,anti_bisexual,sexual_orientation,robbery,0
2005,sexual_orientation,sexual_orientation,robbery,30
2005,anti_gay,sexual_orientation,robbery,23
2005,anti_lesbian,sexual_orientation,robbery,2
2005,anti_homo,sexual_orientation,robbery,4
2005,anti_hetero,sexual_orientation,robbery,1
2005,anti_bisexual,sexual_orientation,robbery,0
2006,sexual_orientation,sexual_orientation,robbery,34
2006,anti_gay,sexual_orientation,robbery,22
2006,anti_lesbian,sexual_orientation,robbery,2
2006,anti_homo,sexual_orientation,robbery,10
2006,anti_hetero,sexual_orientation,robbery,0
2006,anti_bisexual,sexual_orientation,robbery,0
2007,sexual_orientation,sexual_orientation,robbery,53
2007,anti_gay,sexual_orientation,robbery,37
2007,anti_lesbian,sexual_orientation,robbery,2
2007,anti_homo,sexual_orientation,robbery,14
2007,anti_hetero,sexual_orientation,robbery,0
2007,anti_bisexual,sexual_orientation,robbery,0
2008,sexual_orientation,sexual_orientation,robbery,50
2008,anti_gay,sexual_orientation,robbery,39
2008,anti_lesbian,sexual_orientation,robbery,0
2008,anti_homo,sexual_orientation,robbery,10
2008,anti_hetero,sexual_orientation,robbery,1
2008,anti_bisexual,sexual_orientation,robbery,0
2009,sexual_orientation,sexual_orientation,robbery,44
2009,anti_gay,sexual_orientation,robbery,30
2009,anti_lesbian,sexual_orientation,robbery,2
2009,anti_homo,sexual_orientation,robbery,11
2009,anti_hetero,sexual_orientation,robbery,0
2009,anti_bisexual,sexual_orientation,robbery,1
2010,sexual_orientation,sexual_orientation,robbery,56
2010,anti_gay,sexual_orientation,robbery,39
2010,anti_lesbian,sexual_orientation,robbery,2
2010,anti_homo,sexual_orientation,robbery,15
2010,anti_hetero,sexual_orientation,robbery,0
2010,anti_bisexual,sexual_orientation,robbery,0
2011,sexual_orientation,sexual_orientation,robbery,54
2011,anti_gay,sexual_orientation,robbery,33
2011,anti_lesbian,sexual_orientation,robbery,3
2011,anti_homo,sexual_orientation,robbery,17
2011,anti_hetero,sexual_orientation,robbery,1
2011,anti_bisexual,sexual_orientation,robbery,0
2012,sexual_orientation,sexual_orientation,robbery,50
2012,anti_gay,sexual_orientation,robbery,39
2012,anti_lesbian,sexual_orientation,robbery,1
2012,anti_homo,sexual_orientation,robbery,10
2012,anti_hetero,sexual_orientation,robbery,0
2012,anti_bisexual,sexual_orientation,robbery,0
2013,sexual_orientation,sexual_orientation,robbery,47
2013,anti_gay,sexual_orientation,robbery,30
2013,anti_lesbian,sexual_orientation,robbery,3
2013,anti_lgbt,sexual_orientation,robbery,13
2013,anti_hetero,sexual_orientation,robbery,0
2013,anti_bisexual,sexual_orientation,robbery,1
2013,gender_identity,gender_identity,robbery,3
2013,anti_transgender,gender_identity,robbery,3
2013,anti_gnc,gender_identity,robbery,0
2014,sexual_orientation,sexual_orientation,robbery,36
2014,anti_gay,sexual_orientation,robbery,24
2014,anti_lesbian,sexual_orientation,robbery,5
2014,anti_lgbt,sexual_orientation,robbery,7
2014,anti_hetero,sexual_orientation,robbery,0
2014,anti_bisexual,sexual_orientation,robbery,0
2014,gender_identity,gender_identity,robbery,4
2014,anti_transgender,gender_identity,robbery,3
2014,anti_gnc,gender_identity,robbery,1
2015,sexual_orientation,sexual_orientation,robbery,47
2015,anti_gay,sexual_orientation,robbery,29
2015,anti_lesbian,sexual_orientation,robbery,3
2015,anti_lgbt,sexual_orientation,robbery,12
2015,anti_hetero,sexual_orientation,robbery,1
2015,anti_bisexual,sexual_orientation,robbery,2
2015,gender_identity,gender_identity,robbery,6
2015,anti_transgender,gender_identity,robbery,5
2015,anti_gnc,gender_identity,robbery,1
2016,sexual_orientation,sexual_orientation,robbery,38
2016,anti_gay,sexual_orientation,robbery,28
2016,anti_lesbian,sexual_orientation,robbery,0
2016,anti_lgbt,sexual_orientation,robbery,10
2016,anti_hetero,sexual_orientation,robbery,0
2016,anti_bisexual,sexual_orientation,robbery,0
2016,gender_identity,gender_identity,robbery,11
2016,anti_transgender,gender_identity,robbery,11
2016,anti_gnc,gender_identity,robbery,0
2017,sexual_orientation,sexual_orientation,robbery,52
2017,anti_gay,sexual_orientation,robbery,42
2017,anti_lesbian,sexual_orientation,robbery,0
2017,anti_lgbt,sexual_orientation,robbery,9
2017,anti_hetero,sexual_orientation,robbery,1
2017,anti_bisexual,sexual_orientation,robbery,0
2017,gender_identity,gender_identity,robbery,5
2017,anti_transgender,gender_identity,robbery,4
2017,anti_gnc,gender_identity,robbery,1
1996,sexual_orientation,sexual_orientation,burglary,6
1997,sexual_orientation,sexual_orientation,burglary,13
1998,sexual_orientation,sexual_orientation,burglary,11
1999,sexual_orientation,sexual_orientation,burglary,20
2000,sexual_orientation,sexual_orientation,burglary,21
2001,sexual_orientation,sexual_orientation,burglary,15
2002,sexual_orientation,sexual_orientation,burglary,20
2003,sexual_orientation,sexual_orientation,burglary,24
2004,sexual_orientation,sexual_orientation,burglary,10
2004,anti_gay,sexual_orientation,burglary,2
2004,anti_lesbian,sexual_orientation,burglary,5
2004,anti_homo,sexual_orientation,burglary,3
2004,anti_hetero,sexual_orientation,burglary,0
2004,anti_bisexual,sexual_orientation,burglary,0
2005,sexual_orientation,sexual_orientation,burglary,10
2005,anti_gay,sexual_orientation,burglary,5
2005,anti_lesbian,sexual_orientation,burglary,1
2005,anti_homo,sexual_orientation,burglary,2
2005,anti_hetero,sexual_orientation,burglary,1
2005,anti_bisexual,sexual_orientation,burglary,1
2006,sexual_orientation,sexual_orientation,burglary,17
2006,anti_gay,sexual_orientation,burglary,11
2006,anti_lesbian,sexual_orientation,burglary,3
2006,anti_homo,sexual_orientation,burglary,2
2006,anti_hetero,sexual_orientation,burglary,1
2006,anti_bisexual,sexual_orientation,burglary,0
2007,sexual_orientation,sexual_orientation,burglary,16
2007,anti_gay,sexual_orientation,burglary,4
2007,anti_lesbian,sexual_orientation,burglary,4
2007,anti_homo,sexual_orientation,burglary,3
2007,anti_hetero,sexual_orientation,burglary,4
2007,anti_bisexual,sexual_orientation,burglary,1
2008,sexual_orientation,sexual_orientation,burglary,23
2008,anti_gay,sexual_orientation,burglary,8
2008,anti_lesbian,sexual_orientation,burglary,4
2008,anti_homo,sexual_orientation,burglary,8
2008,anti_hetero,sexual_orientation,burglary,1
2008,anti_bisexual,sexual_orientation,burglary,2
2009,sexual_orientation,sexual_orientation,burglary,16
2009,anti_gay,sexual_orientation,burglary,7
2009,anti_lesbian,sexual_orientation,burglary,4
2009,anti_homo,sexual_orientation,burglary,2
2009,anti_hetero,sexual_orientation,burglary,1
2009,anti_bisexual,sexual_orientation,burglary,2
2010,sexual_orientation,sexual_orientation,burglary,19
2010,anti_gay,sexual_orientation,burglary,6
2010,anti_lesbian,sexual_orientation,burglary,4
2010,anti_homo,sexual_orientation,burglary,8
2010,anti_hetero,sexual_orientation,burglary,0
2010,anti_bisexual,sexual_orientation,burglary,1
2011,sexual_orientation,sexual_orientation,burglary,17
2011,anti_gay,sexual_orientation,burglary,9
2011,anti_lesbian,sexual_orientation,burglary,1
2011,anti_homo,sexual_orientation,burglary,5
2011,anti_hetero,sexual_orientation,burglary,2
2011,anti_bisexual,sexual_orientation,burglary,0
2012,sexual_orientation,sexual_orientation,burglary,23
2012,anti_gay,sexual_orientation,burglary,8
2012,anti_lesbian,sexual_orientation,burglary,2
2012,anti_homo,sexual_orientation,burglary,8
2012,anti_hetero,sexual_orientation,burglary,1
2012,anti_bisexual,sexual_orientation,burglary,4
2013,sexual_orientation,sexual_orientation,burglary,30
2013,anti_gay,sexual_orientation,burglary,23
2013,anti_lesbian,sexual_orientation,burglary,0
2013,anti_lgbt,sexual_orientation,burglary,3
2013,anti_hetero,sexual_orientation,burglary,3
2013,anti_bisexual,sexual_orientation,burglary,1
2013,gender_identity,gender_identity,burglary,1
2013,anti_transgender,gender_identity,burglary,1
2013,anti_gnc,gender_identity,burglary,0
2014,sexual_orientation,sexual_orientation,burglary,20
2014,anti_gay,sexual_orientation,burglary,14
2014,anti_lesbian,sexual_orientation,burglary,2
2014,anti_lgbt,sexual_orientation,burglary,3
2014,anti_hetero,sexual_orientation,burglary,0
2014,anti_bisexual,sexual_orientation,burglary,1
2014,gender_identity,gender_identity,burglary,4
2014,anti_transgender,gender_identity,burglary,1
2014,anti_gnc,gender_identity,burglary,3
2015,sexual_orientation,sexual_orientation,burglary,22
2015,anti_gay,sexual_orientation,burglary,18
2015,anti_lesbian,sexual_orientation,burglary,3
2015,anti_lgbt,sexual_orientation,burglary,1
2015,anti_hetero,sexual_orientation,burglary,0
2015,anti_bisexual,sexual_orientation,burglary,0
2015,gender_identity,gender_identity,burglary,7
2015,anti_transgender,gender_identity,burglary,1
2015,anti_gnc,gender_identity,burglary,6
2016,sexual_orientation,sexual_orientation,burglary,10
2016,anti_gay,sexual_orientation,burglary,6
2016,anti_lesbian,sexual_orientation,burglary,2
2016,anti_lgbt,sexual_orientation,burglary,1
2016,anti_hetero,sexual_orientation,burglary,0
2016,anti_bisexual,sexual_orientation,burglary,1
2016,gender_identity,gender_identity,burglary,2
2016,anti_transgender,gender_identity,burglary,1
2016,anti_gnc,gender_identity,burglary,1
2017,sexual_orientation,sexual_orientation,burglary,15
2017,anti_gay,sexual_orientation,burglary,11
2017,anti_lesbian,sexual_orientation,burglary,0
2017,anti_lgbt,sexual_orientation,burglary,3
2017,anti_hetero,sexual_orientation,burglary,1
2017,anti_bisexual,sexual_orientation,burglary,0
2017,gender_identity,gender_identity,burglary,3
2017,anti_transgender,gender_identity,burglary,2
2017,anti_gnc,gender_identity,burglary,1
1996,sexual_orientation,sexual_orientation,larceny,12
1997,sexual_orientation,sexual_orientation,larceny,15
1998,sexual_orientation,sexual_orientation,larceny,15
1999,sexual_orientation,sexual_orientation,larceny,18
2000,sexual_orientation,sexual_orientation,larceny,16
2001,sexual_orientation,sexual_orientation,larceny,17
2002,sexual_orientation,sexual_orientation,larceny,17
2003,sexual_orientation,sexual_orientation,larceny,14
2004,sexual_orientation,sexual_orientation,larceny,13
2004,anti_gay,sexual_orientation,larceny,0
2004,anti_lesbian,sexual_orientation,larceny,3
2004,anti_homo,sexual_orientation,larceny,4
2004,anti_hetero,sexual_orientation,larceny,3
2004,anti_bisexual,sexual_orientation,larceny,3
2005,sexual_orientation,sexual_orientation,larceny,27
2005,anti_gay,sexual_orientation,larceny,13
2005,anti_lesbian,sexual_orientation,larceny,3
2005,anti_homo,sexual_orientation,larceny,5
2005,anti_hetero,sexual_orientation,larceny,1
2005,anti_bisexual,sexual_orientation,larceny,5
2006,sexual_orientation,sexual_orientation,larceny,28
2006,anti_gay,sexual_orientation,larceny,7
2006,anti_lesbian,sexual_orientation,larceny,4
2006,anti_homo,sexual_orientation,larceny,5
2006,anti_hetero,sexual_orientation,larceny,6
2006,anti_bisexual,sexual_orientation,larceny,6
2007,sexual_orientation,sexual_orientation,larceny,23
2007,anti_gay,sexual_orientation,larceny,9
2007,anti_lesbian,sexual_orientation,larceny,3
2007,anti_homo,sexual_orientation,larceny,6
2007,anti_hetero,sexual_orientation,larceny,1
2007,anti_bisexual,sexual_orientation,larceny,4
2008,sexual_orientation,sexual_orientation,larceny,32
2008,anti_gay,sexual_orientation,larceny,14
2008,anti_lesbian,sexual_orientation,larceny,4
2008,anti_homo,sexual_orientation,larceny,8
2008,anti_hetero,sexual_orientation,larceny,4
2008,anti_bisexual,sexual_orientation,larceny,2
2009,sexual_orientation,sexual_orientation,larceny,16
2009,anti_gay,sexual_orientation,larceny,6
2009,anti_lesbian,sexual_orientation,larceny,3
2009,anti_homo,sexual_orientation,larceny,4
2009,anti_hetero,sexual_orientation,larceny,0
2009,anti_bisexual,sexual_orientation,larceny,3
2010,sexual_orientation,sexual_orientation,larceny,24
2010,anti_gay,sexual_orientation,larceny,12
2010,anti_lesbian,sexual_orientation,larceny,2
2010,anti_homo,sexual_orientation,larceny,3
2010,anti_hetero,sexual_orientation,larceny,1
2010,anti_bisexual,sexual_orientation,larceny,6
2011,sexual_orientation,sexual_orientation,larceny,17
2011,anti_gay,sexual_orientation,larceny,6
2011,anti_lesbian,sexual_orientation,larceny,1
2011,anti_homo,sexual_orientation,larceny,7
2011,anti_hetero,sexual_orientation,larceny,0
2011,anti_bisexual,sexual_orientation,larceny,3
2012,sexual_orientation,sexual_orientation,larceny,24
2012,anti_gay,sexual_orientation,larceny,5
2012,anti_lesbian,sexual_orientation,larceny,5
2012,anti_homo,sexual_orientation,larceny,6
2012,anti_hetero,sexual_orientation,larceny,2
2012,anti_bisexual,sexual_orientation,larceny,6
2013,sexual_orientation,sexual_orientation,larceny,17
2013,anti_gay,sexual_orientation,larceny,4
2013,anti_lesbian,sexual_orientation,larceny,3
2013,anti_lgbt,sexual_orientation,larceny,4
2013,anti_hetero,sexual_orientation,larceny,2
2013,anti_bisexual,sexual_orientation,larceny,4
2013,gender_identity,gender_identity,larceny,2
2013,anti_transgender,gender_identity,larceny,0
2013,anti_gnc,gender_identity,larceny,2
2014,sexual_orientation,sexual_orientation,larceny,20
2014,anti_gay,sexual_orientation,larceny,4
2014,anti_lesbian,sexual_orientation,larceny,4
2014,anti_lgbt,sexual_orientation,larceny,3
2014,anti_hetero,sexual_orientation,larceny,4
2014,anti_bisexual,sexual_orientation,larceny,5
2014,gender_identity,gender_identity,larceny,22
2014,anti_transgender,gender_identity,larceny,5
2014,anti_gnc,gender_identity,larceny,17
2015,sexual_orientation,sexual_orientation,larceny,23
2015,anti_gay,sexual_orientation,larceny,8
2015,anti_lesbian,sexual_orientation,larceny,2
2015,anti_lgbt,sexual_orientation,larceny,8
2015,anti_hetero,sexual_orientation,larceny,1
2015,anti_bisexual,sexual_orientation,larceny,4
2015,gender_identity,gender_identity,larceny,9
2015,anti_transgender,gender_identity,larceny,4
2015,anti_gnc,gender_identity,larceny,5
2016,sexual_orientation,sexual_orientation,larceny,17
2016,anti_gay,sexual_orientation,larceny,6
2016,anti_lesbian,sexual_orientation,larceny,3
2016,anti_lgbt,sexual_orientation,larceny,1
2016,anti_hetero,sexual_orientation,larceny,5
2016,anti_bisexual,sexual_orientation,larceny,2
2016,gender_identity,gender_identity,larceny,6
2016,anti_transgender,gender_identity,larceny,2
2016,anti_gnc,gender_identity,larceny,4
2017,sexual_orientation,sexual_orientation,larceny,38
2017,anti_gay,sexual_orientation,larceny,9
2017,anti_lesbian,sexual_orientation,larceny,5
2017,anti_lgbt,sexual_orientation,larceny,18
2017,anti_hetero,sexual_orientation,larceny,4
2017,anti_bisexual,sexual_orientation,larceny,2
2017,gender_identity,gender_identity,larceny,6
2017,anti_transgender,gender_identity,larceny,4
2017,anti_gnc,gender_identity,larceny,2
1996,sexual_orientation,sexual_orientation,motor_theft,0
1997,sexual_orientation,sexual_orientation,motor_theft,1
1998,sexual_orientation,sexual_orientation,motor_theft,1
1999,sexual_orientation,sexual_orientation,motor_theft,2
2000,sexual_orientation,sexual_orientation,motor_theft,1
2001,sexual_orientation,sexual_orientation,motor_theft,2
2002,sexual_orientation,sexual_orientation,motor_theft,0
2003,sexual_orientation,sexual_orientation,motor_theft,3
2004,sexual_orientation,sexual_orientation,motor_theft,2
2004,anti_gay,sexual_orientation,motor_theft,1
2004,anti_lesbian,sexual_orientation,motor_theft,0
2004,anti_homo,sexual_orientation,motor_theft,0
2004,anti_hetero,sexual_orientation,motor_theft,1
2004,anti_bisexual,sexual_orientation,motor_theft,0
2005,sexual_orientation,sexual_orientation,motor_theft,2
2005,anti_gay,sexual_orientation,motor_theft,1
2005,anti_lesbian,sexual_orientation,motor_theft,1
2005,anti_homo,sexual_orientation,motor_theft,0
2005,anti_hetero,sexual_orientation,motor_theft,0
2005,anti_bisexual,sexual_orientation,motor_theft,0
2006,sexual_orientation,sexual_orientation,motor_theft,3
2006,anti_gay,sexual_orientation,motor_theft,1
2006,anti_lesbian,sexual_orientation,motor_theft,2
2006,anti_homo,sexual_orientation,motor_theft,0
2006,anti_hetero,sexual_orientation,motor_theft,0
2006,anti_bisexual,sexual_orientation,motor_theft,0
2007,sexual_orientation,sexual_orientation,motor_theft,2
2007,anti_gay,sexual_orientation,motor_theft,0
2007,anti_lesbian,sexual_orientation,motor_theft,1
2007,anti_homo,sexual_orientation,motor_theft,0
2007,anti_hetero,sexual_orientation,motor_theft,0
2007,anti_bisexual,sexual_orientation,motor_theft,1
2008,sexual_orientation,sexual_orientation,motor_theft,6
2008,anti_gay,sexual_orientation,motor_theft,5
2008,anti_lesbian,sexual_orientation,motor_theft,0
2008,anti_homo,sexual_orientation,motor_theft,0
2008,anti_hetero,sexual_orientation,motor_theft,0
2008,anti_bisexual,sexual_orientation,motor_theft,1
2009,sexual_orientation,sexual_orientation,motor_theft,1
2009,anti_gay,sexual_orientation,motor_theft,1
2009,anti_lesbian,sexual_orientation,motor_theft,0
2009,anti_homo,sexual_orientation,motor_theft,0
2009,anti_hetero,sexual_orientation,motor_theft,0
2009,anti_bisexual,sexual_orientation,motor_theft,0
2010,sexual_orientation,sexual_orientation,motor_theft,4
2010,anti_gay,sexual_orientation,motor_theft,1
2010,anti_lesbian,sexual_orientation,motor_theft,1
2010,anti_homo,sexual_orientation,motor_theft,1
2010,anti_hetero,sexual_orientation,motor_theft,0
2010,anti_bisexual,sexual_orientation,motor_theft,1
2011,sexual_orientation,sexual_orientation,motor_theft,0
2011,anti_gay,sexual_orientation,motor_theft,0
2011,anti_lesbian,sexual_orientation,motor_theft,0
2011,anti_homo,sexual_orientation,motor_theft,0
2011,anti_hetero,sexual_orientation,motor_theft,0
2011,anti_bisexual,sexual_orientation,motor_theft,0
2012,sexual_orientation,sexual_orientation,motor_theft,3
2012,anti_gay,sexual_orientation,motor_theft,1
2012,anti_lesbian,sexual_orientation,motor_theft,2
2012,anti_homo,sexual_orientation,motor_theft,0
2012,anti_hetero,sexual_orientation,motor_theft,0
2012,anti_bisexual,sexual_orientation,motor_theft,0
2013,sexual_orientation,sexual_orientation,motor_theft,3
2013,anti_gay,sexual_orientation,motor_theft,0
2013,anti_lesbian,sexual_orientation,motor_theft,0
2013,anti_lgbt,sexual_orientation,motor_theft,2
2013,anti_hetero,sexual_orientation,motor_theft,0
2013,anti_bisexual,sexual_orientation,motor_theft,1
2013,gender_identity,gender_identity,motor_theft,0
2013,anti_transgender,gender_identity,motor_theft,0
2013,anti_gnc,gender_identity,motor_theft,0
2014,sexual_orientation,sexual_orientation,motor_theft,1
2014,anti_gay,sexual_orientation,motor_theft,1
2014,anti_lesbian,sexual_orientation,motor_theft,0
2014,anti_lgbt,sexual_orientation,motor_theft,0
2014,anti_hetero,sexual_orientation,motor_theft,0
2014,anti_bisexual,sexual_orientation,motor_theft,0
2014,gender_identity,gender_identity,motor_theft,2
2014,anti_transgender,gender_identity,motor_theft,1
2014,anti_gnc,gender_identity,motor_theft,1
2015,sexual_orientation,sexual_orientation,motor_theft,1
2015,anti_gay,sexual_orientation,motor_theft,1
2015,anti_lesbian,sexual_orientation,motor_theft,0
2015,anti_lgbt,sexual_orientation,motor_theft,0
2015,anti_hetero,sexual_orientation,motor_theft,0
2015,anti_bisexual,sexual_orientation,motor_theft,0
2015,gender_identity,gender_identity,motor_theft,1
2015,anti_transgender,gender_identity,motor_theft,0
2015,anti_gnc,gender_identity,motor_theft,1
2016,sexual_orientation,sexual_orientation,motor_theft,2
2016,anti_gay,sexual_orientation,motor_theft,0
2016,anti_lesbian,sexual_orientation,motor_theft,0
2016,anti_lgbt,sexual_orientation,motor_theft,1
2016,anti_hetero,sexual_orientation,motor_theft,0
2016,anti_bisexual,sexual_orientation,motor_theft,1
2016,gender_identity,gender_identity,motor_theft,0
2016,anti_transgender,gender_identity,motor_theft,0
2016,anti_gnc,gender_identity,motor_theft,0
2017,sexual_orientation,sexual_orientation,motor_theft,1
2017,anti_gay,sexual_orientation,motor_theft,1
2017,anti_lesbian,sexual_orientation,motor_theft,0
2017,anti_lgbt,sexual_orientation,motor_theft,0
2017,anti_hetero,sexual_orientation,motor_theft,0
2017,anti_bisexual,sexual_orientation,motor_theft,0
2017,gender_identity,gender_identity,motor_theft,0
2017,anti_transgender,gender_identity,motor_theft,0
2017,anti_gnc,gender_identity,motor_theft,0
1996,sexual_orientation,sexual_orientation,arson,8
1997,sexual_orientation,sexual_orientation,arson,6
1998,sexual_orientation,sexual_orientation,arson,10
1999,sexual_orientation,sexual_orientation,arson,5
2000,sexual_orientation,sexual_orientation,arson,8
2001,sexual_orientation,sexual_orientation,arson,8
2002,sexual_orientation,sexual_orientation,arson,6
2003,sexual_orientation,sexual_orientation,arson,4
2004,sexual_orientation,sexual_orientation,arson,5
2004,anti_gay,sexual_orientation,arson,3
2004,anti_lesbian,sexual_orientation,arson,1
2004,anti_homo,sexual_orientation,arson,1
2004,anti_hetero,sexual_orientation,arson,0
2004,anti_bisexual,sexual_orientation,arson,0
2005,sexual_orientation,sexual_orientation,arson,1
2005,anti_gay,sexual_orientation,arson,1
2005,anti_lesbian,sexual_orientation,arson,0
2005,anti_homo,sexual_orientation,arson,0
2005,anti_hetero,sexual_orientation,arson,0
2005,anti_bisexual,sexual_orientation,arson,0
2006,sexual_orientation,sexual_orientation,arson,2
2006,anti_gay,sexual_orientation,arson,0
2006,anti_lesbian,sexual_orientation,arson,0
2006,anti_homo,sexual_orientation,arson,2
2006,anti_hetero,sexual_orientation,arson,0
2006,anti_bisexual,sexual_orientation,arson,0
2007,sexual_orientation,sexual_orientation,arson,3
2007,anti_gay,sexual_orientation,arson,2
2007,anti_lesbian,sexual_orientation,arson,0
2007,anti_homo,sexual_orientation,arson,1
2007,anti_hetero,sexual_orientation,arson,0
2007,anti_bisexual,sexual_orientation,arson,0
2008,sexual_orientation,sexual_orientation,arson,6
2008,anti_gay,sexual_orientation,arson,4
2008,anti_lesbian,sexual_orientation,arson,0
2008,anti_homo,sexual_orientation,arson,2
2008,anti_hetero,sexual_orientation,arson,0
2008,anti_bisexual,sexual_orientation,arson,0
2009,sexual_orientation,sexual_orientation,arson,8
2009,anti_gay,sexual_orientation,arson,2
2009,anti_lesbian,sexual_orientation,arson,2
2009,anti_homo,sexual_orientation,arson,3
2009,anti_hetero,sexual_orientation,arson,1
2009,anti_bisexual,sexual_orientation,arson,0
2010,sexual_orientation,sexual_orientation,arson,7
2010,anti_gay,sexual_orientation,arson,5
2010,anti_lesbian,sexual_orientation,arson,0
2010,anti_homo,sexual_orientation,arson,2
2010,anti_hetero,sexual_orientation,arson,0
2010,anti_bisexual,sexual_orientation,arson,0
2011,sexual_orientation,sexual_orientation,arson,8
2011,anti_gay,sexual_orientation,arson,5
2011,anti_lesbian,sexual_orientation,arson,0
2011,anti_homo,sexual_orientation,arson,2
2011,anti_hetero,sexual_orientation,arson,0
2011,anti_bisexual,sexual_orientation,arson,1
2012,sexual_orientation,sexual_orientation,arson,6
2012,anti_gay,sexual_orientation,arson,4
2012,anti_lesbian,sexual_orientation,arson,0
2012,anti_homo,sexual_orientation,arson,1
2012,anti_hetero,sexual_orientation,arson,1
2012,anti_bisexual,sexual_orientation,arson,0
2013,sexual_orientation,sexual_orientation,arson,2
2013,anti_gay,sexual_orientation,arson,2
2013,anti_lesbian,sexual_orientation,arson,0
2013,anti_lgbt,sexual_orientation,arson,0
2013,anti_hetero,sexual_orientation,arson,0
2013,anti_bisexual,sexual_orientation,arson,0
2013,gender_identity,gender_identity,arson,0
2013,anti_transgender,gender_identity,arson,0
2013,anti_gnc,gender_identity,arson,0
2014,sexual_orientation,sexual_orientation,arson,2
2014,anti_gay,sexual_orientation,arson,2
2014,anti_lesbian,sexual_orientation,arson,0
2014,anti_lgbt,sexual_orientation,arson,0
2014,anti_hetero,sexual_orientation,arson,0
2014,anti_bisexual,sexual_orientation,arson,0
2014,gender_identity,gender_identity,arson,0
2014,anti_transgender,gender_identity,arson,0
2014,anti_gnc,gender_identity,arson,0
2015,sexual_orientation,sexual_orientation,arson,3
2015,anti_gay,sexual_orientation,arson,1
2015,anti_lesbian,sexual_orientation,arson,0
2015,anti_lgbt,sexual_orientation,arson,2
2015,anti_hetero,sexual_orientation,arson,0
2015,anti_bisexual,sexual_orientation,arson,0
2015,gender_identity,gender_identity,arson,0
2015,anti_transgender,gender_identity,arson,0
2015,anti_gnc,gender_identity,arson,0
2016,sexual_orientation,sexual_orientation,arson,6
2016,anti_gay,sexual_orientation,arson,1
2016,anti_lesbian,sexual_orientation,arson,2
2016,anti_lgbt,sexual_orientation,arson,3
2016,anti_hetero,sexual_orientation,arson,0
2016,anti_bisexual,sexual_orientation,arson,0
2016,gender_identity,gender_identity,arson,1
2016,anti_transgender,gender_identity,arson,1
2016,anti_gnc,gender_identity,arson,0
2017,sexual_orientation,sexual_orientation,arson,7
2017,anti_gay,sexual_orientation,arson,3
2017,anti_lesbian,sexual_orientation,arson,0
2017,anti_lgbt,sexual_orientation,arson,4
2017,anti_hetero,sexual_orientation,arson,0
2017,anti_bisexual,sexual_orientation,arson,0
2017,gender_identity,gender_identity,arson,0
2017,anti_transgender,gender_identity,arson,0
2017,anti_gnc,gender_identity,arson,0
1996,sexual_orientation,sexual_orientation,vandalism,215
1997,sexual_orientation,sexual_orientation,vandalism,256
1998,sexual_orientation,sexual_orientation,vandalism,284
1999,sexual_orientation,sexual_orientation,vandalism,333
2000,sexual_orientation,sexual_orientation,vandalism,335
2001,sexual_orientation,sexual_orientation,vandalism,357
2002,sexual_orientation,sexual_orientation,vandalism,288
2003,sexual_orientation,sexual_orientation,vandalism,295
2004,sexual_orientation,sexual_orientation,vandalism,350
2004,anti_gay,sexual_orientation,vandalism,191
2004,anti_lesbian,sexual_orientation,vandalism,42
2004,anti_homo,sexual_orientation,vandalism,104
2004,anti_hetero,sexual_orientation,vandalism,9
2004,anti_bisexual,sexual_orientation,vandalism,4
2005,sexual_orientation,sexual_orientation,vandalism,275
2005,anti_gay,sexual_orientation,vandalism,159
2005,anti_lesbian,sexual_orientation,vandalism,47
2005,anti_homo,sexual_orientation,vandalism,58
2005,anti_hetero,sexual_orientation,vandalism,6
2005,anti_bisexual,sexual_orientation,vandalism,5
2006,sexual_orientation,sexual_orientation,vandalism,319
2006,anti_gay,sexual_orientation,vandalism,170
2006,anti_lesbian,sexual_orientation,vandalism,54
2006,anti_homo,sexual_orientation,vandalism,85
2006,anti_hetero,sexual_orientation,vandalism,8
2006,anti_bisexual,sexual_orientation,vandalism,2
2007,sexual_orientation,sexual_orientation,vandalism,314
2007,anti_gay,sexual_orientation,vandalism,173
2007,anti_lesbian,sexual_orientation,vandalism,41
2007,anti_homo,sexual_orientation,vandalism,93
2007,anti_hetero,sexual_orientation,vandalism,3
2007,anti_bisexual,sexual_orientation,vandalism,4
2008,sexual_orientation,sexual_orientation,vandalism,324
2008,anti_gay,sexual_orientation,vandalism,168
2008,anti_lesbian,sexual_orientation,vandalism,37
2008,anti_homo,sexual_orientation,vandalism,108
2008,anti_hetero,sexual_orientation,vandalism,8
2008,anti_bisexual,sexual_orientation,vandalism,3
2009,sexual_orientation,sexual_orientation,vandalism,295
2009,anti_gay,sexual_orientation,vandalism,152
2009,anti_lesbian,sexual_orientation,vandalism,43
2009,anti_homo,sexual_orientation,vandalism,85
2009,anti_hetero,sexual_orientation,vandalism,8
2009,anti_bisexual,sexual_orientation,vandalism,7
2010,sexual_orientation,sexual_orientation,vandalism,273
2010,anti_gay,sexual_orientation,vandalism,134
2010,anti_lesbian,sexual_orientation,vandalism,39
2010,anti_homo,sexual_orientation,vandalism,92
2010,anti_hetero,sexual_orientation,vandalism,8
2010,anti_bisexual,sexual_orientation,vandalism,0
2011,sexual_orientation,sexual_orientation,vandalism,275
2011,anti_gay,sexual_orientation,vandalism,138
2011,anti_lesbian,sexual_orientation,vandalism,35
2011,anti_homo,sexual_orientation,vandalism,96
2011,anti_hetero,sexual_orientation,vandalism,3
2011,anti_bisexual,sexual_orientation,vandalism,3
2012,sexual_orientation,sexual_orientation,vandalism,249
2012,anti_gay,sexual_orientation,vandalism,112
2012,anti_lesbian,sexual_orientation,vandalism,43
2012,anti_homo,sexual_orientation,vandalism,84
2012,anti_hetero,sexual_orientation,vandalism,6
2012,anti_bisexual,sexual_orientation,vandalism,4
2013,sexual_orientation,sexual_orientation,vandalism,223
2013,anti_gay,sexual_orientation,vandalism,115
2013,anti_lesbian,sexual_orientation,vandalism,28
2013,anti_lgbt,sexual_orientation,vandalism,76
2013,anti_hetero,sexual_orientation,vandalism,2
2013,anti_bisexual,sexual_orientation,vandalism,2
2013,gender_identity,gender_identity,vandalism,4
2013,anti_transgender,gender_identity,vandalism,2
2013,anti_gnc,gender_identity,vandalism,2
2014,sexual_orientation,sexual_orientation,vandalism,216
2014,anti_gay,sexual_orientation,vandalism,102
2014,anti_lesbian,sexual_orientation,vandalism,27
2014,anti_lgbt,sexual_orientation,vandalism,74
2014,anti_hetero,sexual_orientation,vandalism,5
2014,anti_bisexual,sexual_orientation,vandalism,8
2014,gender_identity,gender_identity,vandalism,9
2014,anti_transgender,gender_identity,vandalism,4
2014,anti_gnc,gender_identity,vandalism,5
2015,sexual_orientation,sexual_orientation,vandalism,178
2015,anti_gay,sexual_orientation,vandalism,112
2015,anti_lesbian,sexual_orientation,vandalism,23
2015,anti_lgbt,sexual_orientation,vandalism,38
2015,anti_hetero,sexual_orientation,vandalism,3
2015,anti_bisexual,sexual_orientation,vandalism,2
2015,gender_identity,gender_identity,vandalism,5
2015,anti_transgender,gender_identity,vandalism,4
2015,anti_gnc,gender_identity,vandalism,1
2016,sexual_orientation,sexual_orientation,vandalism,221
2016,anti_gay,sexual_orientation,vandalism,126
2016,anti_lesbian,sexual_orientation,vandalism,23
2016,anti_lgbt,sexual_orientation,vandalism,64
2016,anti_hetero,sexual_orientation,vandalism,6
2016,anti_bisexual,sexual_orientation,vandalism,2
2016,gender_identity,gender_identity,vandalism,12
2016,anti_transgender,gender_identity,vandalism,5
2016,anti_gnc,gender_identity,vandalism,7
2017,sexual_orientation,sexual_orientation,vandalism,207
2017,anti_gay,sexual_orientation,vandalism,115
2017,anti_lesbian,sexual_orientation,vandalism,26
2017,anti_lgbt,sexual_orientation,vandalism,60
2017,anti_hetero,sexual_orientation,vandalism,4
2017,anti_bisexual,sexual_orientation,vandalism,2
2017,gender_identity,gender_identity,vandalism,14
2017,anti_transgender,gender_identity,vandalism,13
2017,anti_gnc,gender_identity,vandalism,1
1996,sexual_orientation,sexual_orientation,other_property,0
1997,sexual_orientation,sexual_orientation,other_property,1
1998,sexual_orientation,sexual_orientation,other_property,2
1999,sexual_orientation,sexual_orientation,other_property,2
2000,sexual_orientation,sexual_orientation,other_property,3
2001,sexual_orientation,sexual_orientation,other_property,1
2002,sexual_orientation,sexual_orientation,other_property,2
2003,sexual_orientation,sexual_orientation,other_property,0
2004,sexual_orientation,sexual_orientation,other_property,4
2004,anti_gay,sexual_orientation,other_property,3
2004,anti_lesbian,sexual_orientation,other_property,0
2004,anti_homo,sexual_orientation,other_property,1
2004,anti_hetero,sexual_orientation,other_property,0
2004,anti_bisexual,sexual_orientation,other_property,0
2005,sexual_orientation,sexual_orientation,other_property,3
2005,anti_gay,sexual_orientation,other_property,2
2005,anti_lesbian,sexual_orientation,other_property,1
2005,anti_homo,sexual_orientation,other_property,0
2005,anti_hetero,sexual_orientation,other_property,0
2005,anti_bisexual,sexual_orientation,other_property,0
2006,sexual_orientation,sexual_orientation,other_property,6
2006,anti_gay,sexual_orientation,other_property,1
2006,anti_lesbian,sexual_orientation,other_property,2
2006,anti_homo,sexual_orientation,other_property,0
2006,anti_hetero,sexual_orientation,other_property,1
2006,anti_bisexual,sexual_orientation,other_property,2
2007,sexual_orientation,sexual_orientation,other_property,7
2007,anti_gay,sexual_orientation,other_property,2
2007,anti_lesbian,sexual_orientation,other_property,1
2007,anti_homo,sexual_orientation,other_property,3
2007,anti_hetero,sexual_orientation,other_property,1
2007,anti_bisexual,sexual_orientation,other_property,0
2008,sexual_orientation,sexual_orientation,other_property,6
2008,anti_gay,sexual_orientation,other_property,2
2008,anti_lesbian,sexual_orientation,other_property,2
2008,anti_homo,sexual_orientation,other_property,0
2008,anti_hetero,sexual_orientation,other_property,1
2008,anti_bisexual,sexual_orientation,other_property,1
2009,sexual_orientation,sexual_orientation,other_property,1
2009,anti_gay,sexual_orientation,other_property,0
2009,anti_lesbian,sexual_orientation,other_property,0
2009,anti_homo,sexual_orientation,other_property,1
2009,anti_hetero,sexual_orientation,other_property,0
2009,anti_bisexual,sexual_orientation,other_property,0
2010,sexual_orientation,sexual_orientation,other_property,5
2010,anti_gay,sexual_orientation,other_property,1
2010,anti_lesbian,sexual_orientation,other_property,0
2010,anti_homo,sexual_orientation,other_property,1
2010,anti_hetero,sexual_orientation,other_property,1
2010,anti_bisexual,sexual_orientation,other_property,2
2011,sexual_orientation,sexual_orientation,other_property,2
2011,anti_gay,sexual_orientation,other_property,0
2011,anti_lesbian,sexual_orientation,other_property,0
2011,anti_homo,sexual_orientation,other_property,0
2011,anti_hetero,sexual_orientation,other_property,1
2011,anti_bisexual,sexual_orientation,other_property,1
2012,sexual_orientation,sexual_orientation,other_property,5
2012,anti_gay,sexual_orientation,other_property,2
2012,anti_lesbian,sexual_orientation,other_property,0
2012,anti_homo,sexual_orientation,other_property,1
2012,anti_hetero,sexual_orientation,other_property,1
2012,anti_bisexual,sexual_orientation,other_property,1
2013,sexual_orientation,sexual_orientation,other_property,8
2013,anti_gay,sexual_orientation,other_property,6
2013,anti_lesbian,sexual_orientation,other_property,1
2013,anti_lgbt,sexual_orientation,other_property,1
2013,anti_hetero,sexual_orientation,other_property,0
2013,anti_bisexual,sexual_orientation,other_property,0
2013,gender_identity,gender_identity,other_property,0
2013,anti_transgender,gender_identity,other_property,0
2013,anti_gnc,gender_identity,other_property,0
2014,sexual_orientation,sexual_orientation,other_property,3
2014,anti_gay,sexual_orientation,other_property,1
2014,anti_lesbian,sexual_orientation,other_property,0
2014,anti_lgbt,sexual_orientation,other_property,0
2014,anti_hetero,sexual_orientation,other_property,0
2014,anti_bisexual,sexual_orientation,other_property,2
2014,gender_identity,gender_identity,other_property,2
2014,anti_transgender,gender_identity,other_property,0
2014,anti_gnc,gender_identity,other_property,2
2015,sexual_orientation,sexual_orientation,other_property,5
2015,anti_gay,sexual_orientation,other_property,3
2015,anti_lesbian,sexual_orientation,other_property,0
2015,anti_lgbt,sexual_orientation,other_property,1
2015,anti_hetero,sexual_orientation,other_property,1
2015,anti_bisexual,sexual_orientation,other_property,0
2015,gender_identity,gender_identity,other_property,3
2015,anti_transgender,gender_identity,other_property,0
2015,anti_gnc,gender_identity,other_property,3
2016,sexual_orientation,sexual_orientation,other_property,4
2016,anti_gay,sexual_orientation,other_property,0
2016,anti_lesbian,sexual_orientation,other_property,1
2016,anti_lgbt,sexual_orientation,other_property,1
2016,anti_hetero,sexual_orientation,other_property,0
2016,anti_bisexual,sexual_orientation,other_property,2
2016,gender_identity,gender_identity,other_property,0
2016,anti_transgender,gender_identity,other_property,0
2016,anti_gnc,gender_identity,other_property,0
2017,sexual_orientation,sexual_orientation,other_property,3
2017,anti_gay,sexual_orientation,other_property,1
2017,anti_lesbian,sexual_orientation,other_property,0
2017,anti_lgbt,sexual_orientation,other_property,0
2017,anti_hetero,sexual_orientation,other_property,1
2017,anti_bisexual,sexual_orientation,other_property,1
2017,gender_identity,gender_identity,other_property,3
2017,anti_transgender,gender_identity,other_property,1
2017,anti_gnc,gender_identity,other_property,2
1996,sexual_orientation,sexual_orientation,society,1
1997,sexual_orientation,sexual_orientation,society,2
1998,sexual_orientation,sexual_orientation,society,2
1999,sexual_orientation,sexual_orientation,society,3
2000,sexual_orientation,sexual_orientation,society,4
2001,sexual_orientation,sexual_orientation,society,7
2002,sexual_orientation,sexual_orientation,society,4
2003,sexual_orientation,sexual_orientation,society,3
2004,sexual_orientation,sexual_orientation,society,6
2004,anti_gay,sexual_orientation,society,2
2004,anti_lesbian,sexual_orientation,society,2
2004,anti_homo,sexual_orientation,society,0
2004,anti_hetero,sexual_orientation,society,2
2004,anti_bisexual,sexual_orientation,society,0
2005,sexual_orientation,sexual_orientation,society,5
2005,anti_gay,sexual_orientation,society,2
2005,anti_lesbian,sexual_orientation,society,0
2005,anti_homo,sexual_orientation,society,1
2005,anti_hetero,sexual_orientation,society,0
2005,anti_bisexual,sexual_orientation,society,2
2006,sexual_orientation,sexual_orientation,society,2
2006,anti_gay,sexual_orientation,society,1
2006,anti_lesbian,sexual_orientation,society,1
2006,anti_homo,sexual_orientation,society,0
2006,anti_hetero,sexual_orientation,society,0
2006,anti_bisexual,sexual_orientation,society,0
2007,sexual_orientation,sexual_orientation,society,3
2007,anti_gay,sexual_orientation,society,2
2007,anti_lesbian,sexual_orientation,society,0
2007,anti_homo,sexual_orientation,society,1
2007,anti_hetero,sexual_orientation,society,0
2007,anti_bisexual,sexual_orientation,society,0
2008,sexual_orientation,sexual_orientation,society,2
2008,anti_gay,sexual_orientation,society,1
2008,anti_lesbian,sexual_orientation,society,0
2008,anti_homo,sexual_orientation,society,1
2008,anti_hetero,sexual_orientation,society,0
2008,anti_bisexual,sexual_orientation,society,0
2009,sexual_orientation,sexual_orientation,society,3
2009,anti_gay,sexual_orientation,society,1
2009,anti_lesbian,sexual_orientation,society,1
2009,anti_homo,sexual_orientation,society,0
2009,anti_hetero,sexual_orientation,society,0
2009,anti_bisexual,sexual_orientation,society,1
2010,sexual_orientation,sexual_orientation,society,0
2010,anti_gay,sexual_orientation,society,0
2010,anti_lesbian,sexual_orientation,society,0
2010,anti_homo,sexual_orientation,society,0
2010,anti_hetero,sexual_orientation,society,0
2010,anti_bisexual,sexual_orientation,society,0
2011,sexual_orientation,sexual_orientation,society,1
2011,anti_gay,sexual_orientation,society,1
2011,anti_lesbian,sexual_orientation,society,0
2011,anti_homo,sexual_orientation,society,0
2011,anti_hetero,sexual_orientation,society,0
2011,anti_bisexual,sexual_orientation,society,0
2012,sexual_orientation,sexual_orientation,society,10
2012,anti_gay,sexual_orientation,society,0
2012,anti_lesbian,sexual_orientation,society,2
2012,anti_homo,sexual_orientation,society,2
2012,anti_hetero,sexual_orientation,society,2
2012,anti_bisexual,sexual_orientation,society,4
2013,sexual_orientation,sexual_orientation,society,4
2013,anti_gay,sexual_orientation,society,0
2013,anti_lesbian,sexual_orientation,society,0
2013,anti_lgbt,sexual_orientation,society,1
2013,anti_hetero,sexual_orientation,society,3
2013,anti_bisexual,sexual_orientation,society,0
2013,gender_identity,gender_identity,society,0
2013,anti_transgender,gender_identity,society,0
2013,anti_gnc,gender_identity,society,0
2014,sexual_orientation,sexual_orientation,society,4
2014,anti_gay,sexual_orientation,society,1
2014,anti_lesbian,sexual_orientation,society,1
2014,anti_lgbt,sexual_orientation,society,0
2014,anti_hetero,sexual_orientation,society,0
2014,anti_bisexual,sexual_orientation,society,2
2014,gender_identity,gender_identity,society,0
2014,anti_transgender,gender_identity,society,0
2014,anti_gnc,gender_identity,society,0
2015,sexual_orientation,sexual_orientation,society,2
2015,anti_gay,sexual_orientation,society,0
2015,anti_lesbian,sexual_orientation,society,0
2015,anti_lgbt,sexual_orientation,society,0
2015,anti_hetero,sexual_orientation,society,2
2015,anti_bisexual,sexual_orientation,society,0
2015,gender_identity,gender_identity,society,7
2015,anti_transgender,gender_identity,society,1
2015,anti_gnc,gender_identity,society,6
2016,sexual_orientation,sexual_orientation,society,6
2016,anti_gay,sexual_orientation,society,3
2016,anti_lesbian,sexual_orientation,society,0
2016,anti_lgbt,sexual_orientation,society,1
2016,anti_hetero,sexual_orientation,society,2
2016,anti_bisexual,sexual_orientation,society,0
2016,gender_identity,gender_identity,society,2
2016,anti_transgender,gender_identity,society,0
2016,anti_gnc,gender_identity,society,2
2017,sexual_orientation,sexual_orientation,society,18
2017,anti_gay,sexual_orientation,society,5
2017,anti_lesbian,sexual_orientation,society,2
2017,anti_lgbt,sexual_orientation,society,2
2017,anti_hetero,sexual_orientation,society,5
2017,anti_bisexual,sexual_orientation,society,4
2017,gender_identity,gender_identity,society,0
2017,anti_transgender,gender_identity,society,0
2017,anti_gnc,gender_identity,society,0
