state,year,bias,incidents
Alabama,2006,race,1
Alaska,2006,race,4
Arizona,2006,race,90
Arkansas,2006,race,97
California,2006,race,844
Colorado,2006,race,78
Connecticut,2006,race,70
Delaware,2006,race,34
District Of Columbia,2006,race,15
Florida,2006,race,137
Georgia,2006,race,7
Idaho,2006,race,18
Illinois,2006,race,102
Indiana,2006,race,25
Iowa,2006,race,16
Kansas,2006,race,85
Kentucky,2006,race,43
Louisiana,2006,race,16
Maine,2006,race,32
Maryland,2006,race,147
Massachusetts,2006,race,221
Michigan,2006,race,525
Minnesota,2006,race,104
Missouri,2006,race,56
Montana,2006,race,17
Nebraska,2006,race,47
Nevada,2006,race,99
New Hampshire,2006,race,11
New Jersey,2006,race,442
New Mexico,2006,race,14
New York,2006,race,186
North Carolina,2006,race,86
North Dakota,2006,race,15
Ohio,2006,race,228
Oklahoma,2006,race,35
Oregon,2006,race,89
Pennsylvania,2006,race,66
Rhode Island,2006,race,6
South Carolina,2006,race,68
South Dakota,2006,race,66
Tennessee,2006,race,120
Texas,2006,race,170
Utah,2006,race,23
Vermont,2006,race,11
Virginia,2006,race,224
Washington,2006,race,108
West Virginia,2006,race,24
Wisconsin,2006,race,59
Wyoming,2006,race,3
Mississippi,2006,race,0
Hawaii,2006,race,0
Alabama,2006,religion,0
Alaska,2006,religion,0
Arizona,2006,religion,30
Arkansas,2006,religion,3
California,2006,religion,204
Colorado,2006,religion,42
Connecticut,2006,religion,30
Delaware,2006,religion,6
District Of Columbia,2006,religion,5
Florida,2006,religion,35
Georgia,2006,religion,2
Idaho,2006,religion,2
Illinois,2006,religion,25
Indiana,2006,religion,3
Iowa,2006,religion,3
Kansas,2006,religion,12
Kentucky,2006,religion,9
Louisiana,2006,religion,2
Maine,2006,religion,10
Maryland,2006,religion,52
Massachusetts,2006,religion,84
Michigan,2006,religion,74
Minnesota,2006,religion,13
Missouri,2006,religion,10
Montana,2006,religion,5
Nebraska,2006,religion,4
Nevada,2006,religion,13
New Hampshire,2006,religion,14
New Jersey,2006,religion,243
New Mexico,2006,religion,1
New York,2006,religion,250
North Carolina,2006,religion,5
North Dakota,2006,religion,1
Ohio,2006,religion,32
Oklahoma,2006,religion,8
Oregon,2006,religion,27
Pennsylvania,2006,religion,18
Rhode Island,2006,religion,9
South Carolina,2006,religion,12
South Dakota,2006,religion,4
Tennessee,2006,religion,37
Texas,2006,religion,27
Utah,2006,religion,6
Vermont,2006,religion,1
Virginia,2006,religion,47
Washington,2006,religion,30
West Virginia,2006,religion,2
Wisconsin,2006,religion,12
Wyoming,2006,religion,0
Mississippi,2006,religion,0
Hawaii,2006,religion,0
Alabama,2006,sexual_orientation,0
Alaska,2006,sexual_orientation,2
Arizona,2006,sexual_orientation,28
Arkansas,2006,sexual_orientation,11
California,2006,sexual_orientation,246
Colorado,2006,sexual_orientation,16
Connecticut,2006,sexual_orientation,29
Delaware,2006,sexual_orientation,7
District Of Columbia,2006,sexual_orientation,36
Florida,2006,sexual_orientation,44
Georgia,2006,sexual_orientation,4
Idaho,2006,sexual_orientation,3
Illinois,2006,sexual_orientation,29
Indiana,2006,sexual_orientation,11
Iowa,2006,sexual_orientation,8
Kansas,2006,sexual_orientation,12
Kentucky,2006,sexual_orientation,12
Louisiana,2006,sexual_orientation,2
Maine,2006,sexual_orientation,16
Maryland,2006,sexual_orientation,13
Massachusetts,2006,sexual_orientation,72
Michigan,2006,sexual_orientation,52
Minnesota,2006,sexual_orientation,20
Missouri,2006,sexual_orientation,10
Montana,2006,sexual_orientation,1
Nebraska,2006,sexual_orientation,5
Nevada,2006,sexual_orientation,13
New Hampshire,2006,sexual_orientation,9
New Jersey,2006,sexual_orientation,70
New Mexico,2006,sexual_orientation,5
New York,2006,sexual_orientation,86
North Carolina,2006,sexual_orientation,9
North Dakota,2006,sexual_orientation,0
Ohio,2006,sexual_orientation,34
Oklahoma,2006,sexual_orientation,7
Oregon,2006,sexual_orientation,25
Pennsylvania,2006,sexual_orientation,13
Rhode Island,2006,sexual_orientation,4
South Carolina,2006,sexual_orientation,23
South Dakota,2006,sexual_orientation,6
Tennessee,2006,sexual_orientation,44
Texas,2006,sexual_orientation,47
Utah,2006,sexual_orientation,6
Vermont,2006,sexual_orientation,9
Virginia,2006,sexual_orientation,37
Washington,2006,sexual_orientation,37
West Virginia,2006,sexual_orientation,8
Wisconsin,2006,sexual_orientation,12
Wyoming,2006,sexual_orientation,2
Mississippi,2006,sexual_orientation,0
Hawaii,2006,sexual_orientation,0
Alabama,2006,disability,0
Alaska,2006,disability,0
Arizona,2006,disability,1
Arkansas,2006,disability,2
California,2006,disability,3
Colorado,2006,disability,2
Connecticut,2006,disability,2
Delaware,2006,disability,1
District Of Columbia,2006,disability,1
Florida,2006,disability,0
Georgia,2006,disability,0
Idaho,2006,disability,0
Illinois,2006,disability,0
Indiana,2006,disability,0
Iowa,2006,disability,1
Kansas,2006,disability,0
Kentucky,2006,disability,0
Louisiana,2006,disability,2
Maine,2006,disability,1
Maryland,2006,disability,0
Massachusetts,2006,disability,2
Michigan,2006,disability,2
Minnesota,2006,disability,0
Missouri,2006,disability,2
Montana,2006,disability,1
Nebraska,2006,disability,0
Nevada,2006,disability,0
New Hampshire,2006,disability,0
New Jersey,2006,disability,4
New Mexico,2006,disability,0
New York,2006,disability,0
North Carolina,2006,disability,0
North Dakota,2006,disability,0
Ohio,2006,disability,6
Oklahoma,2006,disability,1
Oregon,2006,disability,0
Pennsylvania,2006,disability,0
Rhode Island,2006,disability,0
South Carolina,2006,disability,7
South Dakota,2006,disability,0
Tennessee,2006,disability,1
Texas,2006,disability,1
Utah,2006,disability,0
Vermont,2006,disability,0
Virginia,2006,disability,33
Washington,2006,disability,2
West Virginia,2006,disability,0
Wisconsin,2006,disability,1
Wyoming,2006,disability,0
Mississippi,2006,disability,0
Hawaii,2006,disability,0
Alabama,2007,race,5
Alaska,2007,race,5
Arizona,2007,race,111
Arkansas,2007,race,24
California,2007,race,930
Colorado,2007,race,109
Connecticut,2007,race,77
Delaware,2007,race,36
District Of Columbia,2007,race,5
Florida,2007,race,115
Georgia,2007,race,7
Idaho,2007,race,25
Illinois,2007,race,115
Indiana,2007,race,28
Iowa,2007,race,21
Kansas,2007,race,78
Kentucky,2007,race,33
Louisiana,2007,race,25
Maine,2007,race,44
Maryland,2007,race,91
Massachusetts,2007,race,213
Michigan,2007,race,478
Minnesota,2007,race,110
Missouri,2007,race,92
Montana,2007,race,11
Nebraska,2007,race,33
Nevada,2007,race,39
New Hampshire,2007,race,21
New Jersey,2007,race,413
New Mexico,2007,race,13
New York,2007,race,148
North Carolina,2007,race,59
North Dakota,2007,race,12
Ohio,2007,race,204
Oklahoma,2007,race,25
Oregon,2007,race,104
Pennsylvania,2007,race,45
Rhode Island,2007,race,33
South Carolina,2007,race,88
South Dakota,2007,race,30
Tennessee,2007,race,154
Texas,2007,race,176
Utah,2007,race,31
Vermont,2007,race,9
Virginia,2007,race,220
Washington,2007,race,138
West Virginia,2007,race,32
Wisconsin,2007,race,54
Wyoming,2007,race,11
Mississippi,2007,race,0
Hawaii,2007,race,0
Alabama,2007,religion,0
Alaska,2007,religion,0
Arizona,2007,religion,22
Arkansas,2007,religion,1
California,2007,religion,204
Colorado,2007,religion,14
Connecticut,2007,religion,31
Delaware,2007,religion,6
District Of Columbia,2007,religion,7
Florida,2007,religion,26
Georgia,2007,religion,0
Idaho,2007,religion,6
Illinois,2007,religion,21
Indiana,2007,religion,9
Iowa,2007,religion,1
Kansas,2007,religion,13
Kentucky,2007,religion,6
Louisiana,2007,religion,4
Maine,2007,religion,7
Maryland,2007,religion,40
Massachusetts,2007,religion,58
Michigan,2007,religion,73
Minnesota,2007,religion,18
Missouri,2007,religion,12
Montana,2007,religion,3
Nebraska,2007,religion,2
Nevada,2007,religion,16
New Hampshire,2007,religion,11
New Jersey,2007,religion,245
New Mexico,2007,religion,0
New York,2007,religion,271
North Carolina,2007,religion,6
North Dakota,2007,religion,0
Ohio,2007,religion,25
Oklahoma,2007,religion,2
Oregon,2007,religion,28
Pennsylvania,2007,religion,25
Rhode Island,2007,religion,5
South Carolina,2007,religion,20
South Dakota,2007,religion,6
Tennessee,2007,religion,33
Texas,2007,religion,20
Utah,2007,religion,15
Vermont,2007,religion,5
Virginia,2007,religion,54
Washington,2007,religion,17
West Virginia,2007,religion,2
Wisconsin,2007,religion,6
Wyoming,2007,religion,5
Mississippi,2007,religion,0
Hawaii,2007,religion,0
Alabama,2007,sexual_orientation,1
Alaska,2007,sexual_orientation,2
Arizona,2007,sexual_orientation,27
Arkansas,2007,sexual_orientation,8
California,2007,sexual_orientation,263
Colorado,2007,sexual_orientation,32
Connecticut,2007,sexual_orientation,18
Delaware,2007,sexual_orientation,7
District Of Columbia,2007,sexual_orientation,29
Florida,2007,sexual_orientation,25
Georgia,2007,sexual_orientation,6
Idaho,2007,sexual_orientation,7
Illinois,2007,sexual_orientation,29
Indiana,2007,sexual_orientation,3
Iowa,2007,sexual_orientation,5
Kansas,2007,sexual_orientation,19
Kentucky,2007,sexual_orientation,9
Louisiana,2007,sexual_orientation,2
Maine,2007,sexual_orientation,21
Maryland,2007,sexual_orientation,19
Massachusetts,2007,sexual_orientation,80
Michigan,2007,sexual_orientation,73
Minnesota,2007,sexual_orientation,27
Missouri,2007,sexual_orientation,9
Montana,2007,sexual_orientation,6
Nebraska,2007,sexual_orientation,9
Nevada,2007,sexual_orientation,8
New Hampshire,2007,sexual_orientation,10
New Jersey,2007,sexual_orientation,85
New Mexico,2007,sexual_orientation,1
New York,2007,sexual_orientation,73
North Carolina,2007,sexual_orientation,10
North Dakota,2007,sexual_orientation,2
Ohio,2007,sexual_orientation,53
Oklahoma,2007,sexual_orientation,3
Oregon,2007,sexual_orientation,37
Pennsylvania,2007,sexual_orientation,13
Rhode Island,2007,sexual_orientation,9
South Carolina,2007,sexual_orientation,16
South Dakota,2007,sexual_orientation,1
Tennessee,2007,sexual_orientation,49
Texas,2007,sexual_orientation,46
Utah,2007,sexual_orientation,9
Vermont,2007,sexual_orientation,7
Virginia,2007,sexual_orientation,34
Washington,2007,sexual_orientation,39
West Virginia,2007,sexual_orientation,10
Wisconsin,2007,sexual_orientation,9
Wyoming,2007,sexual_orientation,5
Mississippi,2007,sexual_orientation,0
Hawaii,2007,sexual_orientation,0
Alabama,2007,disability,0
Alaska,2007,disability,1
Arizona,2007,disability,1
Arkansas,2007,disability,0
California,2007,disability,3
Colorado,2007,disability,1
Connecticut,2007,disability,1
Delaware,2007,disability,0
District Of Columbia,2007,disability,0
Florida,2007,disability,0
Georgia,2007,disability,0
Idaho,2007,disability,0
Illinois,2007,disability,2
Indiana,2007,disability,0
Iowa,2007,disability,0
Kansas,2007,disability,0
Kentucky,2007,disability,0
Louisiana,2007,disability,0
Maine,2007,disability,0
Maryland,2007,disability,0
Massachusetts,2007,disability,2
Michigan,2007,disability,4
Minnesota,2007,disability,2
Missouri,2007,disability,1
Montana,2007,disability,1
Nebraska,2007,disability,0
Nevada,2007,disability,0
New Hampshire,2007,disability,1
New Jersey,2007,disability,5
New Mexico,2007,disability,0
New York,2007,disability,1
North Carolina,2007,disability,0
North Dakota,2007,disability,0
Ohio,2007,disability,30
Oklahoma,2007,disability,0
Oregon,2007,disability,1
Pennsylvania,2007,disability,0
Rhode Island,2007,disability,0
South Carolina,2007,disability,3
South Dakota,2007,disability,0
Tennessee,2007,disability,3
Texas,2007,disability,0
Utah,2007,disability,0
Vermont,2007,disability,0
Virginia,2007,disability,15
Washington,2007,disability,1
West Virginia,2007,disability,0
Wisconsin,2007,disability,0
Wyoming,2007,disability,0
Mississippi,2007,disability,0
Hawaii,2007,disability,0
Alabama,2008,race,7
Alaska,2008,race,5
Arizona,2008,race,126
Arkansas,2008,race,70
California,2008,race,800
Colorado,2008,race,99
Connecticut,2008,race,114
Delaware,2008,race,39
District Of Columbia,2008,race,11
Florida,2008,race,86
Georgia,2008,race,5
Idaho,2008,race,24
Illinois,2008,race,78
Indiana,2008,race,43
Iowa,2008,race,23
Kansas,2008,race,80
Kentucky,2008,race,47
Louisiana,2008,race,63
Maine,2008,race,35
Maryland,2008,race,62
Massachusetts,2008,race,202
Michigan,2008,race,436
Minnesota,2008,race,120
Mississippi,2008,race,4
Missouri,2008,race,76
Montana,2008,race,12
Nebraska,2008,race,6
Nevada,2008,race,62
New Hampshire,2008,race,28
New Jersey,2008,race,395
New Mexico,2008,race,6
New York,2008,race,226
North Carolina,2008,race,97
North Dakota,2008,race,12
Ohio,2008,race,231
Oklahoma,2008,race,43
Oregon,2008,race,111
Pennsylvania,2008,race,48
Rhode Island,2008,race,13
South Carolina,2008,race,100
South Dakota,2008,race,25
Tennessee,2008,race,165
Texas,2008,race,166
Utah,2008,race,22
Vermont,2008,race,13
Virginia,2008,race,191
Washington,2008,race,159
West Virginia,2008,race,35
Wisconsin,2008,race,63
Wyoming,2008,race,4
Hawaii,2008,race,0
Alabama,2008,religion,2
Alaska,2008,religion,2
Arizona,2008,religion,34
Arkansas,2008,religion,3
California,2008,religion,294
Colorado,2008,religion,24
Connecticut,2008,religion,32
Delaware,2008,religion,13
District Of Columbia,2008,religion,1
Florida,2008,religion,35
Georgia,2008,religion,2
Idaho,2008,religion,3
Illinois,2008,religion,18
Indiana,2008,religion,3
Iowa,2008,religion,4
Kansas,2008,religion,11
Kentucky,2008,religion,4
Louisiana,2008,religion,1
Maine,2008,religion,8
Maryland,2008,religion,27
Massachusetts,2008,religion,60
Michigan,2008,religion,52
Minnesota,2008,religion,13
Mississippi,2008,religion,0
Missouri,2008,religion,9
Montana,2008,religion,5
Nebraska,2008,religion,2
Nevada,2008,religion,19
New Hampshire,2008,religion,5
New Jersey,2008,religion,265
New Mexico,2008,religion,0
New York,2008,religion,260
North Carolina,2008,religion,14
North Dakota,2008,religion,1
Ohio,2008,religion,28
Oklahoma,2008,religion,4
Oregon,2008,religion,40
Pennsylvania,2008,religion,14
Rhode Island,2008,religion,12
South Carolina,2008,religion,27
South Dakota,2008,religion,9
Tennessee,2008,religion,41
Texas,2008,religion,25
Utah,2008,religion,9
Vermont,2008,religion,0
Virginia,2008,religion,37
Washington,2008,religion,35
West Virginia,2008,religion,1
Wisconsin,2008,religion,9
Wyoming,2008,religion,2
Hawaii,2008,religion,0
Alabama,2008,sexual_orientation,2
Alaska,2008,sexual_orientation,1
Arizona,2008,sexual_orientation,25
Arkansas,2008,sexual_orientation,18
California,2008,sexual_orientation,283
Colorado,2008,sexual_orientation,24
Connecticut,2008,sexual_orientation,18
Delaware,2008,sexual_orientation,6
District Of Columbia,2008,sexual_orientation,30
Florida,2008,sexual_orientation,31
Georgia,2008,sexual_orientation,2
Idaho,2008,sexual_orientation,3
Illinois,2008,sexual_orientation,23
Indiana,2008,sexual_orientation,12
Iowa,2008,sexual_orientation,5
Kansas,2008,sexual_orientation,22
Kentucky,2008,sexual_orientation,13
Louisiana,2008,sexual_orientation,3
Maine,2008,sexual_orientation,20
Maryland,2008,sexual_orientation,11
Massachusetts,2008,sexual_orientation,66
Michigan,2008,sexual_orientation,65
Minnesota,2008,sexual_orientation,30
Mississippi,2008,sexual_orientation,0
Missouri,2008,sexual_orientation,14
Montana,2008,sexual_orientation,6
Nebraska,2008,sexual_orientation,3
Nevada,2008,sexual_orientation,13
New Hampshire,2008,sexual_orientation,10
New Jersey,2008,sexual_orientation,82
New Mexico,2008,sexual_orientation,3
New York,2008,sexual_orientation,83
North Carolina,2008,sexual_orientation,12
North Dakota,2008,sexual_orientation,3
Ohio,2008,sexual_orientation,57
Oklahoma,2008,sexual_orientation,4
Oregon,2008,sexual_orientation,35
Pennsylvania,2008,sexual_orientation,6
Rhode Island,2008,sexual_orientation,10
South Carolina,2008,sexual_orientation,22
South Dakota,2008,sexual_orientation,7
Tennessee,2008,sexual_orientation,46
Texas,2008,sexual_orientation,55
Utah,2008,sexual_orientation,9
Vermont,2008,sexual_orientation,5
Virginia,2008,sexual_orientation,33
Washington,2008,sexual_orientation,42
West Virginia,2008,sexual_orientation,7
Wisconsin,2008,sexual_orientation,18
Wyoming,2008,sexual_orientation,0
Hawaii,2008,sexual_orientation,0
Alabama,2008,disability,0
Alaska,2008,disability,0
Arizona,2008,disability,0
Arkansas,2008,disability,0
California,2008,disability,4
Colorado,2008,disability,2
Connecticut,2008,disability,0
Delaware,2008,disability,0
District Of Columbia,2008,disability,0
Florida,2008,disability,1
Georgia,2008,disability,0
Idaho,2008,disability,0
Illinois,2008,disability,1
Indiana,2008,disability,3
Iowa,2008,disability,1
Kansas,2008,disability,0
Kentucky,2008,disability,0
Louisiana,2008,disability,0
Maine,2008,disability,0
Maryland,2008,disability,0
Massachusetts,2008,disability,5
Michigan,2008,disability,7
Minnesota,2008,disability,1
Mississippi,2008,disability,0
Missouri,2008,disability,0
Montana,2008,disability,1
Nebraska,2008,disability,0
Nevada,2008,disability,0
New Hampshire,2008,disability,1
New Jersey,2008,disability,2
New Mexico,2008,disability,0
New York,2008,disability,1
North Carolina,2008,disability,1
North Dakota,2008,disability,0
Ohio,2008,disability,29
Oklahoma,2008,disability,0
Oregon,2008,disability,1
Pennsylvania,2008,disability,0
Rhode Island,2008,disability,0
South Carolina,2008,disability,4
South Dakota,2008,disability,1
Tennessee,2008,disability,3
Texas,2008,disability,0
Utah,2008,disability,0
Vermont,2008,disability,2
Virginia,2008,disability,2
Washington,2008,disability,3
West Virginia,2008,disability,0
Wisconsin,2008,disability,2
Wyoming,2008,disability,0
Hawaii,2008,disability,0
Alabama,2009,race,6
Alaska,2009,race,7
Arizona,2009,race,127
Arkansas,2009,race,52
California,2009,race,595
Colorado,2009,race,161
Connecticut,2009,race,126
Delaware,2009,race,24
District Of Columbia,2009,race,5
Florida,2009,race,81
Georgia,2009,race,6
Idaho,2009,race,24
Illinois,2009,race,87
Indiana,2009,race,35
Iowa,2009,race,13
Kansas,2009,race,83
Kentucky,2009,race,113
Louisiana,2009,race,10
Maine,2009,race,30
Maryland,2009,race,67
Massachusetts,2009,race,194
Michigan,2009,race,219
Minnesota,2009,race,108
Mississippi,2009,race,2
Missouri,2009,race,86
Montana,2009,race,12
Nebraska,2009,race,55
Nevada,2009,race,28
New Hampshire,2009,race,16
New Jersey,2009,race,271
New Mexico,2009,race,9
New York,2009,race,227
North Carolina,2009,race,79
North Dakota,2009,race,11
Ohio,2009,race,173
Oklahoma,2009,race,39
Oregon,2009,race,86
Pennsylvania,2009,race,31
Rhode Island,2009,race,13
South Carolina,2009,race,76
South Dakota,2009,race,33
Tennessee,2009,race,106
Texas,2009,race,111
Utah,2009,race,25
Vermont,2009,race,8
Virginia,2009,race,105
Washington,2009,race,145
West Virginia,2009,race,19
Wisconsin,2009,race,34
Wyoming,2009,race,8
Hawaii,2009,race,0
Alabama,2009,religion,1
Alaska,2009,religion,0
Arizona,2009,religion,50
Arkansas,2009,religion,5
California,2009,religion,194
Colorado,2009,religion,16
Connecticut,2009,religion,43
Delaware,2009,religion,10
District Of Columbia,2009,religion,0
Florida,2009,religion,21
Georgia,2009,religion,1
Idaho,2009,religion,6
Illinois,2009,religion,20
Indiana,2009,religion,8
Iowa,2009,religion,1
Kansas,2009,religion,18
Kentucky,2009,religion,11
Louisiana,2009,religion,0
Maine,2009,religion,6
Maryland,2009,religion,26
Massachusetts,2009,religion,59
Michigan,2009,religion,26
Minnesota,2009,religion,15
Mississippi,2009,religion,0
Missouri,2009,religion,17
Montana,2009,religion,6
Nebraska,2009,religion,10
Nevada,2009,religion,4
New Hampshire,2009,religion,3
New Jersey,2009,religion,210
New Mexico,2009,religion,1
New York,2009,religion,283
North Carolina,2009,religion,9
North Dakota,2009,religion,1
Ohio,2009,religion,24
Oklahoma,2009,religion,6
Oregon,2009,religion,18
Pennsylvania,2009,religion,10
Rhode Island,2009,religion,11
South Carolina,2009,religion,25
South Dakota,2009,religion,5
Tennessee,2009,religion,18
Texas,2009,religion,18
Utah,2009,religion,15
Vermont,2009,religion,8
Virginia,2009,religion,27
Washington,2009,religion,27
West Virginia,2009,religion,1
Wisconsin,2009,religion,9
Wyoming,2009,religion,0
Hawaii,2009,religion,0
Alabama,2009,sexual_orientation,2
Alaska,2009,sexual_orientation,2
Arizona,2009,sexual_orientation,41
Arkansas,2009,sexual_orientation,16
California,2009,sexual_orientation,222
Colorado,2009,sexual_orientation,28
Connecticut,2009,sexual_orientation,28
Delaware,2009,sexual_orientation,3
District Of Columbia,2009,sexual_orientation,31
Florida,2009,sexual_orientation,28
Georgia,2009,sexual_orientation,4
Idaho,2009,sexual_orientation,5
Illinois,2009,sexual_orientation,22
Indiana,2009,sexual_orientation,12
Iowa,2009,sexual_orientation,4
Kansas,2009,sexual_orientation,20
Kentucky,2009,sexual_orientation,24
Louisiana,2009,sexual_orientation,3
Maine,2009,sexual_orientation,14
Maryland,2009,sexual_orientation,9
Massachusetts,2009,sexual_orientation,66
Michigan,2009,sexual_orientation,62
Minnesota,2009,sexual_orientation,28
Mississippi,2009,sexual_orientation,0
Missouri,2009,sexual_orientation,21
Montana,2009,sexual_orientation,10
Nebraska,2009,sexual_orientation,10
Nevada,2009,sexual_orientation,16
New Hampshire,2009,sexual_orientation,5
New Jersey,2009,sexual_orientation,66
New Mexico,2009,sexual_orientation,5
New York,2009,sexual_orientation,114
North Carolina,2009,sexual_orientation,15
North Dakota,2009,sexual_orientation,2
Ohio,2009,sexual_orientation,47
Oklahoma,2009,sexual_orientation,14
Oregon,2009,sexual_orientation,24
Pennsylvania,2009,sexual_orientation,5
Rhode Island,2009,sexual_orientation,12
South Carolina,2009,sexual_orientation,18
South Dakota,2009,sexual_orientation,4
Tennessee,2009,sexual_orientation,44
Texas,2009,sexual_orientation,36
Utah,2009,sexual_orientation,8
Vermont,2009,sexual_orientation,7
Virginia,2009,sexual_orientation,18
Washington,2009,sexual_orientation,36
West Virginia,2009,sexual_orientation,3
Wisconsin,2009,sexual_orientation,11
Wyoming,2009,sexual_orientation,0
Hawaii,2009,sexual_orientation,0
Alabama,2009,disability,0
Alaska,2009,disability,0
Arizona,2009,disability,1
Arkansas,2009,disability,1
California,2009,disability,4
Colorado,2009,disability,3
Connecticut,2009,disability,2
Delaware,2009,disability,0
District Of Columbia,2009,disability,0
Florida,2009,disability,0
Georgia,2009,disability,0
Idaho,2009,disability,0
Illinois,2009,disability,0
Indiana,2009,disability,0
Iowa,2009,disability,0
Kansas,2009,disability,1
Kentucky,2009,disability,2
Louisiana,2009,disability,0
Maine,2009,disability,0
Maryland,2009,disability,0
Massachusetts,2009,disability,3
Michigan,2009,disability,7
Minnesota,2009,disability,2
Mississippi,2009,disability,0
Missouri,2009,disability,0
Montana,2009,disability,0
Nebraska,2009,disability,3
Nevada,2009,disability,0
New Hampshire,2009,disability,0
New Jersey,2009,disability,2
New Mexico,2009,disability,0
New York,2009,disability,2
North Carolina,2009,disability,0
North Dakota,2009,disability,0
Ohio,2009,disability,53
Oklahoma,2009,disability,0
Oregon,2009,disability,2
Pennsylvania,2009,disability,0
Rhode Island,2009,disability,0
South Carolina,2009,disability,5
South Dakota,2009,disability,0
Tennessee,2009,disability,1
Texas,2009,disability,0
Utah,2009,disability,0
Vermont,2009,disability,1
Virginia,2009,disability,0
Washington,2009,disability,0
West Virginia,2009,disability,1
Wisconsin,2009,disability,0
Wyoming,2009,disability,0
Hawaii,2009,disability,0
Alabama,2010,race,15
Alaska,2010,race,4
Arizona,2010,race,135
Arkansas,2010,race,47
California,2010,race,612
Colorado,2010,race,88
Connecticut,2010,race,83
Delaware,2010,race,12
District Of Columbia,2010,race,18
Florida,2010,race,78
Georgia,2010,race,12
Idaho,2010,race,22
Illinois,2010,race,54
Indiana,2010,race,65
Iowa,2010,race,12
Kansas,2010,race,40
Kentucky,2010,race,140
Louisiana,2010,race,4
Maine,2010,race,35
Maryland,2010,race,50
Massachusetts,2010,race,190
Michigan,2010,race,226
Minnesota,2010,race,96
Mississippi,2010,race,11
Missouri,2010,race,104
Montana,2010,race,16
Nebraska,2010,race,47
Nevada,2010,race,33
New Hampshire,2010,race,14
New Jersey,2010,race,276
New Mexico,2010,race,18
New York,2010,race,286
North Carolina,2010,race,67
North Dakota,2010,race,4
Ohio,2010,race,170
Oklahoma,2010,race,36
Oregon,2010,race,82
Pennsylvania,2010,race,39
Rhode Island,2010,race,11
South Carolina,2010,race,59
South Dakota,2010,race,39
Tennessee,2010,race,105
Texas,2010,race,115
Utah,2010,race,29
Vermont,2010,race,8
Virginia,2010,race,131
Washington,2010,race,168
West Virginia,2010,race,26
Wisconsin,2010,race,50
Wyoming,2010,race,2
Hawaii,2010,race,0
Alabama,2010,religion,2
Alaska,2010,religion,1
Arizona,2010,religion,48
Arkansas,2010,religion,6
California,2010,religion,198
Colorado,2010,religion,26
Connecticut,2010,religion,46
Delaware,2010,religion,5
District Of Columbia,2010,religion,4
Florida,2010,religion,29
Georgia,2010,religion,3
Idaho,2010,religion,4
Illinois,2010,religion,19
Indiana,2010,religion,12
Iowa,2010,religion,0
Kansas,2010,religion,2
Kentucky,2010,religion,13
Louisiana,2010,religion,7
Maine,2010,religion,7
Maryland,2010,religion,17
Massachusetts,2010,religion,57
Michigan,2010,religion,29
Minnesota,2010,religion,9
Mississippi,2010,religion,0
Missouri,2010,religion,16
Montana,2010,religion,3
Nebraska,2010,religion,7
Nevada,2010,religion,20
New Hampshire,2010,religion,6
New Jersey,2010,religion,221
New Mexico,2010,religion,1
New York,2010,religion,275
North Carolina,2010,religion,13
North Dakota,2010,religion,1
Ohio,2010,religion,37
Oklahoma,2010,religion,3
Oregon,2010,religion,18
Pennsylvania,2010,religion,8
Rhode Island,2010,religion,5
South Carolina,2010,religion,19
South Dakota,2010,religion,1
Tennessee,2010,religion,11
Texas,2010,religion,19
Utah,2010,religion,18
Vermont,2010,religion,2
Virginia,2010,religion,25
Washington,2010,religion,34
West Virginia,2010,religion,3
Wisconsin,2010,religion,13
Wyoming,2010,religion,0
Hawaii,2010,religion,0
Alabama,2010,sexual_orientation,2
Alaska,2010,sexual_orientation,1
Arizona,2010,sexual_orientation,51
Arkansas,2010,sexual_orientation,10
California,2010,sexual_orientation,277
Colorado,2010,sexual_orientation,39
Connecticut,2010,sexual_orientation,18
Delaware,2010,sexual_orientation,3
District Of Columbia,2010,sexual_orientation,35
Florida,2010,sexual_orientation,29
Georgia,2010,sexual_orientation,2
Idaho,2010,sexual_orientation,2
Illinois,2010,sexual_orientation,20
Indiana,2010,sexual_orientation,17
Iowa,2010,sexual_orientation,5
Kansas,2010,sexual_orientation,16
Kentucky,2010,sexual_orientation,18
Louisiana,2010,sexual_orientation,2
Maine,2010,sexual_orientation,18
Maryland,2010,sexual_orientation,13
Massachusetts,2010,sexual_orientation,69
Michigan,2010,sexual_orientation,49
Minnesota,2010,sexual_orientation,22
Mississippi,2010,sexual_orientation,0
Missouri,2010,sexual_orientation,22
Montana,2010,sexual_orientation,11
Nebraska,2010,sexual_orientation,7
Nevada,2010,sexual_orientation,15
New Hampshire,2010,sexual_orientation,11
New Jersey,2010,sexual_orientation,40
New Mexico,2010,sexual_orientation,5
New York,2010,sexual_orientation,137
North Carolina,2010,sexual_orientation,14
North Dakota,2010,sexual_orientation,3
Ohio,2010,sexual_orientation,37
Oklahoma,2010,sexual_orientation,10
Oregon,2010,sexual_orientation,33
Pennsylvania,2010,sexual_orientation,10
Rhode Island,2010,sexual_orientation,3
South Carolina,2010,sexual_orientation,29
South Dakota,2010,sexual_orientation,11
Tennessee,2010,sexual_orientation,25
Texas,2010,sexual_orientation,39
Utah,2010,sexual_orientation,16
Vermont,2010,sexual_orientation,7
Virginia,2010,sexual_orientation,15
Washington,2010,sexual_orientation,28
West Virginia,2010,sexual_orientation,4
Wisconsin,2010,sexual_orientation,28
Wyoming,2010,sexual_orientation,0
Hawaii,2010,sexual_orientation,0
Alabama,2010,disability,0
Alaska,2010,disability,1
Arizona,2010,disability,2
Arkansas,2010,disability,0
California,2010,disability,5
Colorado,2010,disability,1
Connecticut,2010,disability,0
Delaware,2010,disability,0
District Of Columbia,2010,disability,0
Florida,2010,disability,0
Georgia,2010,disability,0
Idaho,2010,disability,0
Illinois,2010,disability,1
Indiana,2010,disability,0
Iowa,2010,disability,0
Kansas,2010,disability,0
Kentucky,2010,disability,2
Louisiana,2010,disability,0
Maine,2010,disability,1
Maryland,2010,disability,0
Massachusetts,2010,disability,0
Michigan,2010,disability,0
Minnesota,2010,disability,0
Mississippi,2010,disability,0
Missouri,2010,disability,0
Montana,2010,disability,1
Nebraska,2010,disability,0
Nevada,2010,disability,0
New Hampshire,2010,disability,0
New Jersey,2010,disability,6
New Mexico,2010,disability,0
New York,2010,disability,1
North Carolina,2010,disability,0
North Dakota,2010,disability,0
Ohio,2010,disability,3
Oklahoma,2010,disability,0
Oregon,2010,disability,1
Pennsylvania,2010,disability,0
Rhode Island,2010,disability,1
South Carolina,2010,disability,2
South Dakota,2010,disability,0
Tennessee,2010,disability,6
Texas,2010,disability,1
Utah,2010,disability,0
Vermont,2010,disability,0
Virginia,2010,disability,4
Washington,2010,disability,2
West Virginia,2010,disability,0
Wisconsin,2010,disability,2
Wyoming,2010,disability,0
Hawaii,2010,disability,0
Alabama,2011,race,69
Alaska,2011,race,5
Arizona,2011,race,121
Arkansas,2011,race,9
California,2011,race,585
Colorado,2011,race,112
Connecticut,2011,race,80
Delaware,2011,race,10
District Of Columbia,2011,race,38
Florida,2011,race,70
Georgia,2011,race,11
Idaho,2011,race,21
Illinois,2011,race,45
Indiana,2011,race,80
Iowa,2011,race,8
Kansas,2011,race,47
Kentucky,2011,race,110
Louisiana,2011,race,3
Maine,2011,race,21
Maryland,2011,race,30
Massachusetts,2011,race,198
Michigan,2011,race,248
Minnesota,2011,race,90
Mississippi,2011,race,0
Missouri,2011,race,79
Montana,2011,race,17
Nebraska,2011,race,29
Nevada,2011,race,38
New Hampshire,2011,race,14
New Jersey,2011,race,274
New Mexico,2011,race,16
New York,2011,race,180
North Carolina,2011,race,78
North Dakota,2011,race,19
Ohio,2011,race,145
Oklahoma,2011,race,22
Oregon,2011,race,72
Pennsylvania,2011,race,38
Rhode Island,2011,race,7
South Carolina,2011,race,77
South Dakota,2011,race,15
Tennessee,2011,race,91
Texas,2011,race,83
Utah,2011,race,37
Vermont,2011,race,4
Virginia,2011,race,95
Washington,2011,race,128
West Virginia,2011,race,13
Wisconsin,2011,race,55
Wyoming,2011,race,1
Hawaii,2011,race,0
Alabama,2011,religion,5
Alaska,2011,religion,2
Arizona,2011,religion,35
Arkansas,2011,religion,1
California,2011,religion,202
Colorado,2011,religion,32
Connecticut,2011,religion,35
Delaware,2011,religion,3
District Of Columbia,2011,religion,2
Florida,2011,religion,29
Georgia,2011,religion,2
Idaho,2011,religion,6
Illinois,2011,religion,6
Indiana,2011,religion,8
Iowa,2011,religion,1
Kansas,2011,religion,10
Kentucky,2011,religion,19
Louisiana,2011,religion,0
Maine,2011,religion,8
Maryland,2011,religion,13
Massachusetts,2011,religion,75
Michigan,2011,religion,44
Minnesota,2011,religion,23
Mississippi,2011,religion,0
Missouri,2011,religion,8
Montana,2011,religion,4
Nebraska,2011,religion,2
Nevada,2011,religion,9
New Hampshire,2011,religion,4
New Jersey,2011,religion,166
New Mexico,2011,religion,3
New York,2011,religion,254
North Carolina,2011,religion,17
North Dakota,2011,religion,3
Ohio,2011,religion,23
Oklahoma,2011,religion,2
Oregon,2011,religion,15
Pennsylvania,2011,religion,8
Rhode Island,2011,religion,4
South Carolina,2011,religion,36
South Dakota,2011,religion,2
Tennessee,2011,religion,15
Texas,2011,religion,19
Utah,2011,religion,16
Vermont,2011,religion,1
Virginia,2011,religion,27
Washington,2011,religion,32
West Virginia,2011,religion,1
Wisconsin,2011,religion,4
Wyoming,2011,religion,0
Hawaii,2011,religion,0
Alabama,2011,sexual_orientation,7
Alaska,2011,sexual_orientation,1
Arizona,2011,sexual_orientation,35
Arkansas,2011,sexual_orientation,1
California,2011,sexual_orientation,246
Colorado,2011,sexual_orientation,42
Connecticut,2011,sexual_orientation,24
Delaware,2011,sexual_orientation,2
District Of Columbia,2011,sexual_orientation,43
Florida,2011,sexual_orientation,25
Georgia,2011,sexual_orientation,4
Idaho,2011,sexual_orientation,6
Illinois,2011,sexual_orientation,17
Indiana,2011,sexual_orientation,12
Iowa,2011,sexual_orientation,6
Kansas,2011,sexual_orientation,10
Kentucky,2011,sexual_orientation,24
Louisiana,2011,sexual_orientation,2
Maine,2011,sexual_orientation,26
Maryland,2011,sexual_orientation,6
Massachusetts,2011,sexual_orientation,90
Michigan,2011,sexual_orientation,49
Minnesota,2011,sexual_orientation,34
Mississippi,2011,sexual_orientation,1
Missouri,2011,sexual_orientation,30
Montana,2011,sexual_orientation,1
Nebraska,2011,sexual_orientation,5
Nevada,2011,sexual_orientation,11
New Hampshire,2011,sexual_orientation,4
New Jersey,2011,sexual_orientation,61
New Mexico,2011,sexual_orientation,9
New York,2011,sexual_orientation,107
North Carolina,2011,sexual_orientation,17
North Dakota,2011,sexual_orientation,5
Ohio,2011,sexual_orientation,58
Oklahoma,2011,sexual_orientation,5
Oregon,2011,sexual_orientation,40
Pennsylvania,2011,sexual_orientation,7
Rhode Island,2011,sexual_orientation,8
South Carolina,2011,sexual_orientation,20
South Dakota,2011,sexual_orientation,4
Tennessee,2011,sexual_orientation,33
Texas,2011,sexual_orientation,49
Utah,2011,sexual_orientation,14
Vermont,2011,sexual_orientation,2
Virginia,2011,sexual_orientation,21
Washington,2011,sexual_orientation,52
West Virginia,2011,sexual_orientation,3
Wisconsin,2011,sexual_orientation,16
Wyoming,2011,sexual_orientation,1
Hawaii,2011,sexual_orientation,0
Alabama,2011,disability,2
Alaska,2011,disability,0
Arizona,2011,disability,1
Arkansas,2011,disability,0
California,2011,disability,7
Colorado,2011,disability,0
Connecticut,2011,disability,1
Delaware,2011,disability,0
District Of Columbia,2011,disability,0
Florida,2011,disability,1
Georgia,2011,disability,0
Idaho,2011,disability,0
Illinois,2011,disability,1
Indiana,2011,disability,0
Iowa,2011,disability,0
Kansas,2011,disability,0
Kentucky,2011,disability,1
Louisiana,2011,disability,0
Maine,2011,disability,0
Maryland,2011,disability,0
Massachusetts,2011,disability,4
Michigan,2011,disability,5
Minnesota,2011,disability,1
Mississippi,2011,disability,0
Missouri,2011,disability,0
Montana,2011,disability,1
Nebraska,2011,disability,0
Nevada,2011,disability,1
New Hampshire,2011,disability,0
New Jersey,2011,disability,7
New Mexico,2011,disability,0
New York,2011,disability,3
North Carolina,2011,disability,0
North Dakota,2011,disability,0
Ohio,2011,disability,2
Oklahoma,2011,disability,0
Oregon,2011,disability,1
Pennsylvania,2011,disability,0
Rhode Island,2011,disability,1
South Carolina,2011,disability,2
South Dakota,2011,disability,0
Tennessee,2011,disability,5
Texas,2011,disability,1
Utah,2011,disability,1
Vermont,2011,disability,0
Virginia,2011,disability,1
Washington,2011,disability,1
West Virginia,2011,disability,1
Wisconsin,2011,disability,1
Wyoming,2011,disability,0
Hawaii,2011,disability,0
Alabama,2012,race,4
Alaska,2012,race,5
Arizona,2012,race,107
Arkansas,2012,race,13
California,2012,race,530
Colorado,2012,race,122
Connecticut,2012,race,90
Delaware,2012,race,7
District Of Columbia,2012,race,18
Florida,2012,race,85
Georgia,2012,race,17
Idaho,2012,race,20
Illinois,2012,race,59
Indiana,2012,race,25
Iowa,2012,race,4
Kansas,2012,race,63
Kentucky,2012,race,145
Louisiana,2012,race,2
Maine,2012,race,23
Maryland,2012,race,24
Massachusetts,2012,race,89
Michigan,2012,race,486
Minnesota,2012,race,49
Mississippi,2012,race,17
Missouri,2012,race,70
Montana,2012,race,17
Nebraska,2012,race,8
Nevada,2012,race,57
New Hampshire,2012,race,18
New Mexico,2012,race,0
New York,2012,race,215
North Carolina,2012,race,76
North Dakota,2012,race,31
Ohio,2012,race,158
Oklahoma,2012,race,16
Oregon,2012,race,28
Pennsylvania,2012,race,27
Rhode Island,2012,race,5
South Carolina,2012,race,77
South Dakota,2012,race,22
Tennessee,2012,race,219
Texas,2012,race,34
Utah,2012,race,64
Vermont,2012,race,6
Virginia,2012,race,84
Washington,2012,race,169
West Virginia,2012,race,20
Wisconsin,2012,race,37
Wyoming,2012,race,2
New Jersey,2012,race,0
Hawaii,2012,race,0
Alabama,2012,religion,2
Alaska,2012,religion,1
Arizona,2012,religion,25
Arkansas,2012,religion,3
California,2012,religion,144
Colorado,2012,religion,34
Connecticut,2012,religion,20
Delaware,2012,religion,1
District Of Columbia,2012,religion,6
Florida,2012,religion,16
Georgia,2012,religion,2
Idaho,2012,religion,5
Illinois,2012,religion,6
Indiana,2012,religion,5
Iowa,2012,religion,2
Kansas,2012,religion,7
Kentucky,2012,religion,13
Louisiana,2012,religion,0
Maine,2012,religion,10
Maryland,2012,religion,4
Massachusetts,2012,religion,31
Michigan,2012,religion,60
Minnesota,2012,religion,11
Mississippi,2012,religion,0
Missouri,2012,religion,10
Montana,2012,religion,7
Nebraska,2012,religion,1
Nevada,2012,religion,11
New Hampshire,2012,religion,7
New Mexico,2012,religion,0
New York,2012,religion,406
North Carolina,2012,religion,19
North Dakota,2012,religion,1
Ohio,2012,religion,27
Oklahoma,2012,religion,2
Oregon,2012,religion,10
Pennsylvania,2012,religion,7
Rhode Island,2012,religion,2
South Carolina,2012,religion,41
South Dakota,2012,religion,4
Tennessee,2012,religion,20
Texas,2012,religion,4
Utah,2012,religion,26
Vermont,2012,religion,2
Virginia,2012,religion,24
Washington,2012,religion,50
West Virginia,2012,religion,1
Wisconsin,2012,religion,10
Wyoming,2012,religion,0
New Jersey,2012,religion,0
Hawaii,2012,religion,0
Alabama,2012,sexual_orientation,0
Alaska,2012,sexual_orientation,0
Arizona,2012,sexual_orientation,43
Arkansas,2012,sexual_orientation,13
California,2012,sexual_orientation,234
Colorado,2012,sexual_orientation,33
Connecticut,2012,sexual_orientation,37
Delaware,2012,sexual_orientation,2
District Of Columbia,2012,sexual_orientation,47
Florida,2012,sexual_orientation,42
Georgia,2012,sexual_orientation,2
Idaho,2012,sexual_orientation,10
Illinois,2012,sexual_orientation,19
Indiana,2012,sexual_orientation,7
Iowa,2012,sexual_orientation,2
Kansas,2012,sexual_orientation,7
Kentucky,2012,sexual_orientation,27
Louisiana,2012,sexual_orientation,2
Maine,2012,sexual_orientation,19
Maryland,2012,sexual_orientation,7
Massachusetts,2012,sexual_orientation,35
Michigan,2012,sexual_orientation,64
Minnesota,2012,sexual_orientation,12
Mississippi,2012,sexual_orientation,1
Missouri,2012,sexual_orientation,22
Montana,2012,sexual_orientation,8
Nebraska,2012,sexual_orientation,0
Nevada,2012,sexual_orientation,23
New Hampshire,2012,sexual_orientation,4
New Mexico,2012,sexual_orientation,0
New York,2012,sexual_orientation,94
North Carolina,2012,sexual_orientation,24
North Dakota,2012,sexual_orientation,9
Ohio,2012,sexual_orientation,63
Oklahoma,2012,sexual_orientation,2
Oregon,2012,sexual_orientation,9
Pennsylvania,2012,sexual_orientation,4
Rhode Island,2012,sexual_orientation,5
South Carolina,2012,sexual_orientation,26
South Dakota,2012,sexual_orientation,3
Tennessee,2012,sexual_orientation,55
Texas,2012,sexual_orientation,14
Utah,2012,sexual_orientation,9
Vermont,2012,sexual_orientation,4
Virginia,2012,sexual_orientation,26
Washington,2012,sexual_orientation,52
West Virginia,2012,sexual_orientation,5
Wisconsin,2012,sexual_orientation,13
Wyoming,2012,sexual_orientation,0
New Jersey,2012,sexual_orientation,0
Hawaii,2012,sexual_orientation,0
Alabama,2012,disability,0
Alaska,2012,disability,0
Arizona,2012,disability,1
Arkansas,2012,disability,1
California,2012,disability,2
Colorado,2012,disability,0
Connecticut,2012,disability,2
Delaware,2012,disability,0
District Of Columbia,2012,disability,1
Florida,2012,disability,1
Georgia,2012,disability,0
Idaho,2012,disability,0
Illinois,2012,disability,0
Indiana,2012,disability,0
Iowa,2012,disability,0
Kansas,2012,disability,4
Kentucky,2012,disability,9
Louisiana,2012,disability,0
Maine,2012,disability,0
Maryland,2012,disability,0
Massachusetts,2012,disability,2
Michigan,2012,disability,7
Minnesota,2012,disability,0
Mississippi,2012,disability,0
Missouri,2012,disability,2
Montana,2012,disability,4
Nebraska,2012,disability,0
Nevada,2012,disability,0
New Hampshire,2012,disability,0
New Mexico,2012,disability,2
New York,2012,disability,0
North Carolina,2012,disability,0
North Dakota,2012,disability,0
Ohio,2012,disability,9
Oklahoma,2012,disability,1
Oregon,2012,disability,5
Pennsylvania,2012,disability,0
Rhode Island,2012,disability,0
South Carolina,2012,disability,4
South Dakota,2012,disability,0
Tennessee,2012,disability,22
Texas,2012,disability,0
Utah,2012,disability,3
Vermont,2012,disability,0
Virginia,2012,disability,0
Washington,2012,disability,1
West Virginia,2012,disability,1
Wisconsin,2012,disability,8
Wyoming,2012,disability,0
New Jersey,2012,disability,0
Hawaii,2012,disability,0
Alabama,2013,race,5
Alaska,2013,race,8
Arizona,2013,race,97
Arkansas,2013,race,19
California,2013,race,489
Colorado,2013,race,69
Connecticut,2013,race,96
Delaware,2013,race,9
District Of Columbia,2013,race,22
Florida,2013,race,48
Georgia,2013,race,34
Idaho,2013,race,22
Illinois,2013,race,69
Indiana,2013,race,58
Iowa,2013,race,6
Kansas,2013,race,43
Kentucky,2013,race,128
Louisiana,2013,race,8
Maine,2013,race,12
Maryland,2013,race,29
Massachusetts,2013,race,188
Michigan,2013,race,229
Minnesota,2013,race,94
Mississippi,2013,race,4
Missouri,2013,race,57
Montana,2013,race,26
Nebraska,2013,race,23
Nevada,2013,race,38
New Hampshire,2013,race,12
New Jersey,2013,race,225
New Mexico,2013,race,7
New York,2013,race,186
North Carolina,2013,race,78
North Dakota,2013,race,37
Ohio,2013,race,268
Oklahoma,2013,race,25
Oregon,2013,race,41
Pennsylvania,2013,race,45
Rhode Island,2013,race,5
South Carolina,2013,race,36
South Dakota,2013,race,10
Tennessee,2013,race,140
Texas,2013,race,79
Utah,2013,race,54
Vermont,2013,race,8
Virginia,2013,race,77
Washington,2013,race,190
West Virginia,2013,race,42
Wisconsin,2013,race,30
Wyoming,2013,race,1
Hawaii,2013,race,0
Alabama,2013,religion,0
Alaska,2013,religion,0
Arizona,2013,religion,30
Arkansas,2013,religion,0
California,2013,religion,129
Colorado,2013,religion,18
Connecticut,2013,religion,20
Delaware,2013,religion,0
District Of Columbia,2013,religion,6
Florida,2013,religion,8
Georgia,2013,religion,5
Idaho,2013,religion,6
Illinois,2013,religion,7
Indiana,2013,religion,3
Iowa,2013,religion,1
Kansas,2013,religion,6
Kentucky,2013,religion,5
Louisiana,2013,religion,6
Maine,2013,religion,3
Maryland,2013,religion,15
Massachusetts,2013,religion,64
Michigan,2013,religion,44
Minnesota,2013,religion,19
Mississippi,2013,religion,0
Missouri,2013,religion,11
Montana,2013,religion,2
Nebraska,2013,religion,5
Nevada,2013,religion,10
New Hampshire,2013,religion,5
New Jersey,2013,religion,121
New Mexico,2013,religion,1
New York,2013,religion,294
North Carolina,2013,religion,17
North Dakota,2013,religion,5
Ohio,2013,religion,17
Oklahoma,2013,religion,8
Oregon,2013,religion,10
Pennsylvania,2013,religion,11
Rhode Island,2013,religion,2
South Carolina,2013,religion,9
South Dakota,2013,religion,2
Tennessee,2013,religion,8
Texas,2013,religion,7
Utah,2013,religion,10
Vermont,2013,religion,1
Virginia,2013,religion,30
Washington,2013,religion,40
West Virginia,2013,religion,6
Wisconsin,2013,religion,5
Wyoming,2013,religion,0
Hawaii,2013,religion,0
Alabama,2013,sexual_orientation,1
Alaska,2013,sexual_orientation,0
Arizona,2013,sexual_orientation,27
Arkansas,2013,sexual_orientation,8
California,2013,sexual_orientation,217
Colorado,2013,sexual_orientation,40
Connecticut,2013,sexual_orientation,26
Delaware,2013,sexual_orientation,3
District Of Columbia,2013,sexual_orientation,32
Florida,2013,sexual_orientation,20
Georgia,2013,sexual_orientation,17
Idaho,2013,sexual_orientation,4
Illinois,2013,sexual_orientation,29
Indiana,2013,sexual_orientation,13
Iowa,2013,sexual_orientation,3
Kansas,2013,sexual_orientation,13
Kentucky,2013,sexual_orientation,31
Louisiana,2013,sexual_orientation,8
Maine,2013,sexual_orientation,10
Maryland,2013,sexual_orientation,7
Massachusetts,2013,sexual_orientation,91
Michigan,2013,sexual_orientation,49
Minnesota,2013,sexual_orientation,30
Mississippi,2013,sexual_orientation,0
Missouri,2013,sexual_orientation,27
Montana,2013,sexual_orientation,3
Nebraska,2013,sexual_orientation,8
Nevada,2013,sexual_orientation,25
New Hampshire,2013,sexual_orientation,4
New Jersey,2013,sexual_orientation,64
New Mexico,2013,sexual_orientation,4
New York,2013,sexual_orientation,122
North Carolina,2013,sexual_orientation,23
North Dakota,2013,sexual_orientation,4
Ohio,2013,sexual_orientation,61
Oklahoma,2013,sexual_orientation,7
Oregon,2013,sexual_orientation,14
Pennsylvania,2013,sexual_orientation,8
Rhode Island,2013,sexual_orientation,0
South Carolina,2013,sexual_orientation,6
South Dakota,2013,sexual_orientation,1
Tennessee,2013,sexual_orientation,38
Texas,2013,sexual_orientation,44
Utah,2013,sexual_orientation,8
Vermont,2013,sexual_orientation,3
Virginia,2013,sexual_orientation,12
Washington,2013,sexual_orientation,49
West Virginia,2013,sexual_orientation,8
Wisconsin,2013,sexual_orientation,15
Wyoming,2013,sexual_orientation,0
Hawaii,2013,sexual_orientation,0
Alabama,2013,disability,0
Alaska,2013,disability,0
Arizona,2013,disability,1
Arkansas,2013,disability,0
California,2013,disability,1
Colorado,2013,disability,1
Connecticut,2013,disability,3
Delaware,2013,disability,0
District Of Columbia,2013,disability,0
Florida,2013,disability,0
Georgia,2013,disability,1
Idaho,2013,disability,0
Illinois,2013,disability,0
Indiana,2013,disability,1
Iowa,2013,disability,0
Kansas,2013,disability,2
Kentucky,2013,disability,7
Louisiana,2013,disability,0
Maine,2013,disability,0
Maryland,2013,disability,0
Massachusetts,2013,disability,3
Michigan,2013,disability,4
Minnesota,2013,disability,1
Mississippi,2013,disability,0
Missouri,2013,disability,1
Montana,2013,disability,0
Nebraska,2013,disability,0
Nevada,2013,disability,0
New Hampshire,2013,disability,0
New Jersey,2013,disability,4
New Mexico,2013,disability,0
New York,2013,disability,2
North Carolina,2013,disability,0
North Dakota,2013,disability,5
Ohio,2013,disability,24
Oklahoma,2013,disability,1
Oregon,2013,disability,1
Pennsylvania,2013,disability,0
Rhode Island,2013,disability,0
South Carolina,2013,disability,0
South Dakota,2013,disability,0
Tennessee,2013,disability,9
Texas,2013,disability,2
Utah,2013,disability,2
Vermont,2013,disability,0
Virginia,2013,disability,0
Washington,2013,disability,7
West Virginia,2013,disability,0
Wisconsin,2013,disability,0
Wyoming,2013,disability,0
Hawaii,2013,disability,0
Alabama,2013,gender,0
Alaska,2013,gender,0
Arizona,2013,gender,0
Arkansas,2013,gender,0
California,2013,gender,0
Colorado,2013,gender,0
Connecticut,2013,gender,0
Delaware,2013,gender,0
District Of Columbia,2013,gender,0
Florida,2013,gender,0
Georgia,2013,gender,0
Idaho,2013,gender,0
Illinois,2013,gender,0
Indiana,2013,gender,0
Iowa,2013,gender,0
Kansas,2013,gender,0
Kentucky,2013,gender,0
Louisiana,2013,gender,0
Maine,2013,gender,0
Maryland,2013,gender,0
Massachusetts,2013,gender,1
Michigan,2013,gender,3
Minnesota,2013,gender,0
Mississippi,2013,gender,0
Missouri,2013,gender,4
Montana,2013,gender,0
Nebraska,2013,gender,0
Nevada,2013,gender,0
New Hampshire,2013,gender,0
New Jersey,2013,gender,0
New Mexico,2013,gender,0
New York,2013,gender,6
North Carolina,2013,gender,0
North Dakota,2013,gender,0
Ohio,2013,gender,0
Oklahoma,2013,gender,0
Oregon,2013,gender,0
Pennsylvania,2013,gender,0
Rhode Island,2013,gender,0
South Carolina,2013,gender,0
South Dakota,2013,gender,0
Tennessee,2013,gender,0
Texas,2013,gender,0
Utah,2013,gender,0
Vermont,2013,gender,0
Virginia,2013,gender,0
Washington,2013,gender,4
West Virginia,2013,gender,0
Wisconsin,2013,gender,0
Wyoming,2013,gender,0
Hawaii,2013,gender,0
Alabama,2013,gender_identity,0
Alaska,2013,gender_identity,0
Arizona,2013,gender_identity,0
Arkansas,2013,gender_identity,0
California,2013,gender_identity,7
Colorado,2013,gender_identity,0
Connecticut,2013,gender_identity,0
Delaware,2013,gender_identity,0
District Of Columbia,2013,gender_identity,12
Florida,2013,gender_identity,0
Georgia,2013,gender_identity,0
Idaho,2013,gender_identity,0
Illinois,2013,gender_identity,0
Indiana,2013,gender_identity,0
Iowa,2013,gender_identity,0
Kansas,2013,gender_identity,0
Kentucky,2013,gender_identity,0
Louisiana,2013,gender_identity,0
Maine,2013,gender_identity,0
Maryland,2013,gender_identity,0
Massachusetts,2013,gender_identity,3
Michigan,2013,gender_identity,0
Minnesota,2013,gender_identity,0
Mississippi,2013,gender_identity,0
Missouri,2013,gender_identity,2
Montana,2013,gender_identity,0
Nebraska,2013,gender_identity,0
Nevada,2013,gender_identity,0
New Hampshire,2013,gender_identity,0
New Jersey,2013,gender_identity,0
New Mexico,2013,gender_identity,0
New York,2013,gender_identity,5
North Carolina,2013,gender_identity,0
North Dakota,2013,gender_identity,0
Ohio,2013,gender_identity,0
Oklahoma,2013,gender_identity,0
Oregon,2013,gender_identity,0
Pennsylvania,2013,gender_identity,0
Rhode Island,2013,gender_identity,0
South Carolina,2013,gender_identity,0
South Dakota,2013,gender_identity,0
Tennessee,2013,gender_identity,1
Texas,2013,gender_identity,0
Utah,2013,gender_identity,0
Vermont,2013,gender_identity,0
Virginia,2013,gender_identity,0
Washington,2013,gender_identity,1
West Virginia,2013,gender_identity,0
Wisconsin,2013,gender_identity,0
Wyoming,2013,gender_identity,0
Hawaii,2013,gender_identity,0
Alabama,2014,race,8
Alaska,2014,race,5
Arizona,2014,race,168
Arkansas,2014,race,6
California,2014,race,416
Colorado,2014,race,54
Connecticut,2014,race,68
Delaware,2014,race,8
District Of Columbia,2014,race,17
Florida,2014,race,40
Georgia,2014,race,24
Idaho,2014,race,20
Illinois,2014,race,69
Indiana,2014,race,33
Iowa,2014,race,10
Kansas,2014,race,54
Kentucky,2014,race,126
Louisiana,2014,race,3
Maine,2014,race,12
Maryland,2014,race,12
Massachusetts,2014,race,161
Michigan,2014,race,226
Minnesota,2014,race,65
Mississippi,2014,race,0
Missouri,2014,race,50
Montana,2014,race,21
Nebraska,2014,race,36
Nevada,2014,race,14
New Hampshire,2014,race,9
New Jersey,2014,race,189
New Mexico,2014,race,8
New York,2014,race,143
North Carolina,2014,race,96
North Dakota,2014,race,33
Ohio,2014,race,300
Oklahoma,2014,race,18
Oregon,2014,race,17
Pennsylvania,2014,race,41
Rhode Island,2014,race,2
South Carolina,2014,race,27
South Dakota,2014,race,11
Tennessee,2014,race,155
Texas,2014,race,83
Utah,2014,race,30
Vermont,2014,race,7
Virginia,2014,race,79
Washington,2014,race,203
West Virginia,2014,race,18
Wisconsin,2014,race,33
Wyoming,2014,race,NA
Hawaii,2014,race,0
Alabama,2014,religion,1
Alaska,2014,religion,0
Arizona,2014,religion,38
Arkansas,2014,religion,1
California,2014,religion,128
Colorado,2014,religion,11
Connecticut,2014,religion,31
Delaware,2014,religion,2
District Of Columbia,2014,religion,8
Florida,2014,religion,12
Georgia,2014,religion,3
Idaho,2014,religion,2
Illinois,2014,religion,14
Indiana,2014,religion,9
Iowa,2014,religion,0
Kansas,2014,religion,8
Kentucky,2014,religion,13
Louisiana,2014,religion,0
Maine,2014,religion,8
Maryland,2014,religion,2
Massachusetts,2014,religion,57
Michigan,2014,religion,32
Minnesota,2014,religion,15
Mississippi,2014,religion,0
Missouri,2014,religion,10
Montana,2014,religion,3
Nebraska,2014,religion,1
Nevada,2014,religion,1
New Hampshire,2014,religion,1
New Jersey,2014,religion,115
New Mexico,2014,religion,4
New York,2014,religion,287
North Carolina,2014,religion,19
North Dakota,2014,religion,3
Ohio,2014,religion,26
Oklahoma,2014,religion,4
Oregon,2014,religion,3
Pennsylvania,2014,religion,8
Rhode Island,2014,religion,1
South Carolina,2014,religion,7
South Dakota,2014,religion,2
Tennessee,2014,religion,14
Texas,2014,religion,19
Utah,2014,religion,17
Vermont,2014,religion,3
Virginia,2014,religion,16
Washington,2014,religion,50
West Virginia,2014,religion,2
Wisconsin,2014,religion,6
Wyoming,2014,religion,NA
Hawaii,2014,religion,0
Alabama,2014,sexual_orientation,0
Alaska,2014,sexual_orientation,1
Arizona,2014,sexual_orientation,55
Arkansas,2014,sexual_orientation,1
California,2014,sexual_orientation,187
Colorado,2014,sexual_orientation,26
Connecticut,2014,sexual_orientation,23
Delaware,2014,sexual_orientation,3
District Of Columbia,2014,sexual_orientation,29
Florida,2014,sexual_orientation,12
Georgia,2014,sexual_orientation,12
Idaho,2014,sexual_orientation,3
Illinois,2014,sexual_orientation,26
Indiana,2014,sexual_orientation,6
Iowa,2014,sexual_orientation,0
Kansas,2014,sexual_orientation,10
Kentucky,2014,sexual_orientation,19
Louisiana,2014,sexual_orientation,5
Maine,2014,sexual_orientation,8
Maryland,2014,sexual_orientation,2
Massachusetts,2014,sexual_orientation,80
Michigan,2014,sexual_orientation,42
Minnesota,2014,sexual_orientation,16
Mississippi,2014,sexual_orientation,1
Missouri,2014,sexual_orientation,13
Montana,2014,sexual_orientation,3
Nebraska,2014,sexual_orientation,10
Nevada,2014,sexual_orientation,9
New Hampshire,2014,sexual_orientation,4
New Jersey,2014,sexual_orientation,32
New Mexico,2014,sexual_orientation,1
New York,2014,sexual_orientation,110
North Carolina,2014,sexual_orientation,23
North Dakota,2014,sexual_orientation,4
Ohio,2014,sexual_orientation,69
Oklahoma,2014,sexual_orientation,10
Oregon,2014,sexual_orientation,6
Pennsylvania,2014,sexual_orientation,1
Rhode Island,2014,sexual_orientation,1
South Carolina,2014,sexual_orientation,10
South Dakota,2014,sexual_orientation,3
Tennessee,2014,sexual_orientation,20
Texas,2014,sexual_orientation,40
Utah,2014,sexual_orientation,3
Vermont,2014,sexual_orientation,1
Virginia,2014,sexual_orientation,22
Washington,2014,sexual_orientation,43
West Virginia,2014,sexual_orientation,4
Wisconsin,2014,sexual_orientation,9
Wyoming,2014,sexual_orientation,NA
Hawaii,2014,sexual_orientation,0
Alabama,2014,disability,0
Alaska,2014,disability,0
Arizona,2014,disability,4
Arkansas,2014,disability,0
California,2014,disability,4
Colorado,2014,disability,5
Connecticut,2014,disability,1
Delaware,2014,disability,0
District Of Columbia,2014,disability,1
Florida,2014,disability,1
Georgia,2014,disability,2
Idaho,2014,disability,0
Illinois,2014,disability,0
Indiana,2014,disability,0
Iowa,2014,disability,1
Kansas,2014,disability,1
Kentucky,2014,disability,4
Louisiana,2014,disability,1
Maine,2014,disability,0
Maryland,2014,disability,0
Massachusetts,2014,disability,10
Michigan,2014,disability,9
Minnesota,2014,disability,2
Mississippi,2014,disability,0
Missouri,2014,disability,1
Montana,2014,disability,2
Nebraska,2014,disability,0
Nevada,2014,disability,0
New Hampshire,2014,disability,0
New Jersey,2014,disability,0
New Mexico,2014,disability,0
New York,2014,disability,1
North Carolina,2014,disability,2
North Dakota,2014,disability,0
Ohio,2014,disability,8
Oklahoma,2014,disability,1
Oregon,2014,disability,0
Pennsylvania,2014,disability,0
Rhode Island,2014,disability,0
South Carolina,2014,disability,5
South Dakota,2014,disability,1
Tennessee,2014,disability,5
Texas,2014,disability,0
Utah,2014,disability,0
Vermont,2014,disability,4
Virginia,2014,disability,1
Washington,2014,disability,3
West Virginia,2014,disability,2
Wisconsin,2014,disability,3
Wyoming,2014,disability,NA
Hawaii,2014,disability,0
Alabama,2014,gender,0
Alaska,2014,gender,0
Arizona,2014,gender,0
Arkansas,2014,gender,0
California,2014,gender,2
Colorado,2014,gender,0
Connecticut,2014,gender,0
Delaware,2014,gender,0
District Of Columbia,2014,gender,0
Florida,2014,gender,0
Georgia,2014,gender,0
Idaho,2014,gender,0
Illinois,2014,gender,0
Indiana,2014,gender,2
Iowa,2014,gender,0
Kansas,2014,gender,0
Kentucky,2014,gender,0
Louisiana,2014,gender,0
Maine,2014,gender,0
Maryland,2014,gender,0
Massachusetts,2014,gender,18
Michigan,2014,gender,2
Minnesota,2014,gender,0
Mississippi,2014,gender,0
Missouri,2014,gender,0
Montana,2014,gender,0
Nebraska,2014,gender,0
Nevada,2014,gender,0
New Hampshire,2014,gender,0
New Jersey,2014,gender,0
New Mexico,2014,gender,0
New York,2014,gender,0
North Carolina,2014,gender,0
North Dakota,2014,gender,0
Ohio,2014,gender,0
Oklahoma,2014,gender,0
Oregon,2014,gender,0
Pennsylvania,2014,gender,0
Rhode Island,2014,gender,0
South Carolina,2014,gender,0
South Dakota,2014,gender,0
Tennessee,2014,gender,0
Texas,2014,gender,1
Utah,2014,gender,0
Vermont,2014,gender,0
Virginia,2014,gender,0
Washington,2014,gender,8
West Virginia,2014,gender,0
Wisconsin,2014,gender,0
Wyoming,2014,gender,NA
Hawaii,2014,gender,0
Alabama,2014,gender_identity,0
Alaska,2014,gender_identity,0
Arizona,2014,gender_identity,0
Arkansas,2014,gender_identity,0
California,2014,gender_identity,22
Colorado,2014,gender_identity,0
Connecticut,2014,gender_identity,0
Delaware,2014,gender_identity,0
District Of Columbia,2014,gender_identity,15
Florida,2014,gender_identity,0
Georgia,2014,gender_identity,0
Idaho,2014,gender_identity,0
Illinois,2014,gender_identity,0
Indiana,2014,gender_identity,0
Iowa,2014,gender_identity,0
Kansas,2014,gender_identity,0
Kentucky,2014,gender_identity,1
Louisiana,2014,gender_identity,0
Maine,2014,gender_identity,0
Maryland,2014,gender_identity,0
Massachusetts,2014,gender_identity,49
Michigan,2014,gender_identity,0
Minnesota,2014,gender_identity,0
Mississippi,2014,gender_identity,0
Missouri,2014,gender_identity,2
Montana,2014,gender_identity,1
Nebraska,2014,gender_identity,0
Nevada,2014,gender_identity,0
New Hampshire,2014,gender_identity,0
New Jersey,2014,gender_identity,0
New Mexico,2014,gender_identity,0
New York,2014,gender_identity,4
North Carolina,2014,gender_identity,0
North Dakota,2014,gender_identity,0
Ohio,2014,gender_identity,0
Oklahoma,2014,gender_identity,0
Oregon,2014,gender_identity,0
Pennsylvania,2014,gender_identity,0
Rhode Island,2014,gender_identity,0
South Carolina,2014,gender_identity,0
South Dakota,2014,gender_identity,1
Tennessee,2014,gender_identity,0
Texas,2014,gender_identity,2
Utah,2014,gender_identity,0
Vermont,2014,gender_identity,0
Virginia,2014,gender_identity,0
Washington,2014,gender_identity,1
West Virginia,2014,gender_identity,0
Wisconsin,2014,gender_identity,0
Wyoming,2014,gender_identity,NA
Hawaii,2014,gender_identity,0
Alabama,2015,race,8
Alaska,2015,race,7
Arizona,2015,race,162
Arkansas,2015,race,3
California,2015,race,427
Colorado,2015,race,65
Connecticut,2015,race,62
Delaware,2015,race,9
District Of Columbia,2015,race,23
Florida,2015,race,44
Georgia,2015,race,32
Idaho,2015,race,14
Illinois,2015,race,59
Indiana,2015,race,43
Iowa,2015,race,3
Kansas,2015,race,46
Kentucky,2015,race,113
Louisiana,2015,race,22
Maine,2015,race,16
Maryland,2015,race,22
Massachusetts,2015,race,198
Michigan,2015,race,198
Minnesota,2015,race,58
Missouri,2015,race,70
Montana,2015,race,28
Nebraska,2015,race,10
Nevada,2015,race,36
New Hampshire,2015,race,8
New Jersey,2015,race,169
New Mexico,2015,race,8
New York,2015,race,136
North Carolina,2015,race,106
North Dakota,2015,race,29
Ohio,2015,race,309
Oklahoma,2015,race,27
Oregon,2015,race,41
Pennsylvania,2015,race,40
Rhode Island,2015,race,6
South Carolina,2015,race,44
South Dakota,2015,race,9
Tennessee,2015,race,157
Texas,2015,race,107
Utah,2015,race,29
Vermont,2015,race,5
Virginia,2015,race,108
Washington,2015,race,160
West Virginia,2015,race,28
Wisconsin,2015,race,27
Wyoming,2015,race,2
Mississippi,2015,race,0
Hawaii,2015,race,0
Alabama,2015,religion,0
Alaska,2015,religion,0
Arizona,2015,religion,52
Arkansas,2015,religion,0
California,2015,religion,191
Colorado,2015,religion,16
Connecticut,2015,religion,19
Delaware,2015,religion,2
District Of Columbia,2015,religion,5
Florida,2015,religion,13
Georgia,2015,religion,5
Idaho,2015,religion,12
Illinois,2015,religion,12
Indiana,2015,religion,9
Iowa,2015,religion,1
Kansas,2015,religion,8
Kentucky,2015,religion,53
Louisiana,2015,religion,11
Maine,2015,religion,9
Maryland,2015,religion,14
Massachusetts,2015,religion,81
Michigan,2015,religion,48
Minnesota,2015,religion,20
Missouri,2015,religion,19
Montana,2015,religion,14
Nebraska,2015,religion,1
Nevada,2015,religion,5
New Hampshire,2015,religion,3
New Jersey,2015,religion,125
New Mexico,2015,religion,2
New York,2015,religion,256
North Carolina,2015,religion,17
North Dakota,2015,religion,3
Ohio,2015,religion,39
Oklahoma,2015,religion,3
Oregon,2015,religion,9
Pennsylvania,2015,religion,12
Rhode Island,2015,religion,7
South Carolina,2015,religion,2
South Dakota,2015,religion,2
Tennessee,2015,religion,28
Texas,2015,religion,36
Utah,2015,religion,11
Vermont,2015,religion,0
Virginia,2015,religion,24
Washington,2015,religion,43
West Virginia,2015,religion,3
Wisconsin,2015,religion,8
Wyoming,2015,religion,0
Mississippi,2015,religion,0
Hawaii,2015,religion,0
Alabama,2015,sexual_orientation,2
Alaska,2015,sexual_orientation,1
Arizona,2015,sexual_orientation,57
Arkansas,2015,sexual_orientation,2
California,2015,sexual_orientation,188
Colorado,2015,sexual_orientation,20
Connecticut,2015,sexual_orientation,9
Delaware,2015,sexual_orientation,0
District Of Columbia,2015,sexual_orientation,27
Florida,2015,sexual_orientation,14
Georgia,2015,sexual_orientation,7
Idaho,2015,sexual_orientation,6
Illinois,2015,sexual_orientation,16
Indiana,2015,sexual_orientation,14
Iowa,2015,sexual_orientation,1
Kansas,2015,sexual_orientation,8
Kentucky,2015,sexual_orientation,19
Louisiana,2015,sexual_orientation,5
Maine,2015,sexual_orientation,13
Maryland,2015,sexual_orientation,7
Massachusetts,2015,sexual_orientation,81
Michigan,2015,sexual_orientation,51
Minnesota,2015,sexual_orientation,31
Missouri,2015,sexual_orientation,8
Montana,2015,sexual_orientation,2
Nebraska,2015,sexual_orientation,7
Nevada,2015,sexual_orientation,17
New Hampshire,2015,sexual_orientation,2
New Jersey,2015,sexual_orientation,33
New Mexico,2015,sexual_orientation,3
New York,2015,sexual_orientation,104
North Carolina,2015,sexual_orientation,37
North Dakota,2015,sexual_orientation,4
Ohio,2015,sexual_orientation,58
Oklahoma,2015,sexual_orientation,7
Oregon,2015,sexual_orientation,11
Pennsylvania,2015,sexual_orientation,11
Rhode Island,2015,sexual_orientation,5
South Carolina,2015,sexual_orientation,7
South Dakota,2015,sexual_orientation,5
Tennessee,2015,sexual_orientation,26
Texas,2015,sexual_orientation,41
Utah,2015,sexual_orientation,7
Vermont,2015,sexual_orientation,2
Virginia,2015,sexual_orientation,24
Washington,2015,sexual_orientation,57
West Virginia,2015,sexual_orientation,6
Wisconsin,2015,sexual_orientation,7
Wyoming,2015,sexual_orientation,0
Mississippi,2015,sexual_orientation,0
Hawaii,2015,sexual_orientation,0
Alabama,2015,disability,0
Alaska,2015,disability,0
Arizona,2015,disability,5
Arkansas,2015,disability,0
California,2015,disability,4
Colorado,2015,disability,3
Connecticut,2015,disability,4
Delaware,2015,disability,0
District Of Columbia,2015,disability,0
Florida,2015,disability,0
Georgia,2015,disability,0
Idaho,2015,disability,2
Illinois,2015,disability,0
Indiana,2015,disability,0
Iowa,2015,disability,1
Kansas,2015,disability,0
Kentucky,2015,disability,2
Louisiana,2015,disability,0
Maine,2015,disability,0
Maryland,2015,disability,0
Massachusetts,2015,disability,4
Michigan,2015,disability,11
Minnesota,2015,disability,0
Missouri,2015,disability,1
Montana,2015,disability,1
Nebraska,2015,disability,0
Nevada,2015,disability,0
New Hampshire,2015,disability,0
New Jersey,2015,disability,3
New Mexico,2015,disability,0
New York,2015,disability,1
North Carolina,2015,disability,2
North Dakota,2015,disability,0
Ohio,2015,disability,10
Oklahoma,2015,disability,0
Oregon,2015,disability,5
Pennsylvania,2015,disability,0
Rhode Island,2015,disability,0
South Carolina,2015,disability,2
South Dakota,2015,disability,0
Tennessee,2015,disability,5
Texas,2015,disability,1
Utah,2015,disability,0
Vermont,2015,disability,0
Virginia,2015,disability,2
Washington,2015,disability,3
West Virginia,2015,disability,4
Wisconsin,2015,disability,0
Wyoming,2015,disability,0
Mississippi,2015,disability,0
Hawaii,2015,disability,0
Alabama,2015,gender,0
Alaska,2015,gender,0
Arizona,2015,gender,0
Arkansas,2015,gender,0
California,2015,gender,1
Colorado,2015,gender,0
Connecticut,2015,gender,0
Delaware,2015,gender,0
District Of Columbia,2015,gender,0
Florida,2015,gender,0
Georgia,2015,gender,0
Idaho,2015,gender,0
Illinois,2015,gender,1
Indiana,2015,gender,1
Iowa,2015,gender,0
Kansas,2015,gender,1
Kentucky,2015,gender,0
Louisiana,2015,gender,0
Maine,2015,gender,0
Maryland,2015,gender,0
Massachusetts,2015,gender,15
Michigan,2015,gender,1
Minnesota,2015,gender,0
Missouri,2015,gender,0
Montana,2015,gender,0
Nebraska,2015,gender,0
Nevada,2015,gender,0
New Hampshire,2015,gender,0
New Jersey,2015,gender,0
New Mexico,2015,gender,0
New York,2015,gender,0
North Carolina,2015,gender,0
North Dakota,2015,gender,0
Ohio,2015,gender,0
Oklahoma,2015,gender,0
Oregon,2015,gender,0
Pennsylvania,2015,gender,0
Rhode Island,2015,gender,0
South Carolina,2015,gender,0
South Dakota,2015,gender,0
Tennessee,2015,gender,1
Texas,2015,gender,1
Utah,2015,gender,0
Vermont,2015,gender,0
Virginia,2015,gender,0
Washington,2015,gender,3
West Virginia,2015,gender,0
Wisconsin,2015,gender,1
Wyoming,2015,gender,0
Mississippi,2015,gender,0
Hawaii,2015,gender,0
Alabama,2015,gender_identity,0
Alaska,2015,gender_identity,0
Arizona,2015,gender_identity,0
Arkansas,2015,gender_identity,0
California,2015,gender_identity,26
Colorado,2015,gender_identity,3
Connecticut,2015,gender_identity,0
Delaware,2015,gender_identity,0
District Of Columbia,2015,gender_identity,10
Florida,2015,gender_identity,1
Georgia,2015,gender_identity,0
Idaho,2015,gender_identity,0
Illinois,2015,gender_identity,2
Indiana,2015,gender_identity,0
Iowa,2015,gender_identity,0
Kansas,2015,gender_identity,0
Kentucky,2015,gender_identity,1
Louisiana,2015,gender_identity,0
Maine,2015,gender_identity,0
Maryland,2015,gender_identity,0
Massachusetts,2015,gender_identity,45
Michigan,2015,gender_identity,0
Minnesota,2015,gender_identity,0
Missouri,2015,gender_identity,2
Montana,2015,gender_identity,0
Nebraska,2015,gender_identity,1
Nevada,2015,gender_identity,0
New Hampshire,2015,gender_identity,0
New Jersey,2015,gender_identity,0
New Mexico,2015,gender_identity,0
New York,2015,gender_identity,3
North Carolina,2015,gender_identity,0
North Dakota,2015,gender_identity,0
Ohio,2015,gender_identity,0
Oklahoma,2015,gender_identity,0
Oregon,2015,gender_identity,0
Pennsylvania,2015,gender_identity,1
Rhode Island,2015,gender_identity,0
South Carolina,2015,gender_identity,0
South Dakota,2015,gender_identity,0
Tennessee,2015,gender_identity,4
Texas,2015,gender_identity,5
Utah,2015,gender_identity,0
Vermont,2015,gender_identity,1
Virginia,2015,gender_identity,0
Washington,2015,gender_identity,9
West Virginia,2015,gender_identity,0
Wisconsin,2015,gender_identity,0
Wyoming,2015,gender_identity,0
Mississippi,2015,gender_identity,0
Hawaii,2015,gender_identity,0
Alabama,2016,race,12
Alaska,2016,race,11
Arizona,2016,race,110
Arkansas,2016,race,10
California,2016,race,522
Colorado,2016,race,67
Connecticut,2016,race,62
Delaware,2016,race,11
District Of Columbia,2016,race,33
Florida,2016,race,43
Georgia,2016,race,25
Idaho,2016,race,16
Illinois,2016,race,73
Indiana,2016,race,52
Iowa,2016,race,13
Kansas,2016,race,36
Kentucky,2016,race,135
Louisiana,2016,race,20
Maine,2016,race,21
Maryland,2016,race,24
Massachusetts,2016,race,212
Michigan,2016,race,282
Minnesota,2016,race,77
Mississippi,2016,race,4
Missouri,2016,race,65
Montana,2016,race,10
Nebraska,2016,race,23
Nevada,2016,race,31
New Hampshire,2016,race,15
New Jersey,2016,race,137
New Mexico,2016,race,8
New York,2016,race,155
North Carolina,2016,race,99
North Dakota,2016,race,7
Ohio,2016,race,336
Oklahoma,2016,race,20
Oregon,2016,race,61
Pennsylvania,2016,race,40
Rhode Island,2016,race,2
South Carolina,2016,race,18
South Dakota,2016,race,6
Tennessee,2016,race,93
Texas,2016,race,104
Utah,2016,race,47
Vermont,2016,race,16
Virginia,2016,race,76
Washington,2016,race,239
West Virginia,2016,race,30
Wisconsin,2016,race,22
Wyoming,2016,race,3
Hawaii,2016,race,0
Alabama,2016,religion,1
Alaska,2016,religion,0
Arizona,2016,religion,50
Arkansas,2016,religion,1
California,2016,religion,171
Colorado,2016,religion,19
Connecticut,2016,religion,30
Delaware,2016,religion,3
District Of Columbia,2016,religion,18
Florida,2016,religion,19
Georgia,2016,religion,2
Idaho,2016,religion,7
Illinois,2016,religion,13
Indiana,2016,religion,11
Iowa,2016,religion,2
Kansas,2016,religion,5
Kentucky,2016,religion,43
Louisiana,2016,religion,3
Maine,2016,religion,11
Maryland,2016,religion,7
Massachusetts,2016,religion,94
Michigan,2016,religion,47
Minnesota,2016,religion,30
Mississippi,2016,religion,1
Missouri,2016,religion,13
Montana,2016,religion,5
Nebraska,2016,religion,4
Nevada,2016,religion,4
New Hampshire,2016,religion,6
New Jersey,2016,religion,110
New Mexico,2016,religion,9
New York,2016,religion,311
North Carolina,2016,religion,21
North Dakota,2016,religion,1
Ohio,2016,religion,35
Oklahoma,2016,religion,5
Oregon,2016,religion,23
Pennsylvania,2016,religion,9
Rhode Island,2016,religion,6
South Carolina,2016,religion,1
South Dakota,2016,religion,2
Tennessee,2016,religion,18
Texas,2016,religion,23
Utah,2016,religion,8
Vermont,2016,religion,5
Virginia,2016,religion,21
Washington,2016,religion,61
West Virginia,2016,religion,1
Wisconsin,2016,religion,8
Wyoming,2016,religion,0
Hawaii,2016,religion,0
Alabama,2016,sexual_orientation,1
Alaska,2016,sexual_orientation,0
Arizona,2016,sexual_orientation,53
Arkansas,2016,sexual_orientation,0
California,2016,sexual_orientation,208
Colorado,2016,sexual_orientation,23
Connecticut,2016,sexual_orientation,14
Delaware,2016,sexual_orientation,1
District Of Columbia,2016,sexual_orientation,42
Florida,2016,sexual_orientation,32
Georgia,2016,sexual_orientation,12
Idaho,2016,sexual_orientation,4
Illinois,2016,sexual_orientation,21
Indiana,2016,sexual_orientation,14
Iowa,2016,sexual_orientation,2
Kansas,2016,sexual_orientation,5
Kentucky,2016,sexual_orientation,22
Louisiana,2016,sexual_orientation,4
Maine,2016,sexual_orientation,8
Maryland,2016,sexual_orientation,6
Massachusetts,2016,sexual_orientation,76
Michigan,2016,sexual_orientation,59
Minnesota,2016,sexual_orientation,15
Mississippi,2016,sexual_orientation,2
Missouri,2016,sexual_orientation,10
Montana,2016,sexual_orientation,4
Nebraska,2016,sexual_orientation,3
Nevada,2016,sexual_orientation,6
New Hampshire,2016,sexual_orientation,5
New Jersey,2016,sexual_orientation,34
New Mexico,2016,sexual_orientation,9
New York,2016,sexual_orientation,99
North Carolina,2016,sexual_orientation,26
North Dakota,2016,sexual_orientation,0
Ohio,2016,sexual_orientation,60
Oklahoma,2016,sexual_orientation,5
Oregon,2016,sexual_orientation,17
Pennsylvania,2016,sexual_orientation,11
Rhode Island,2016,sexual_orientation,3
South Carolina,2016,sexual_orientation,3
South Dakota,2016,sexual_orientation,5
Tennessee,2016,sexual_orientation,25
Texas,2016,sexual_orientation,37
Utah,2016,sexual_orientation,9
Vermont,2016,sexual_orientation,3
Virginia,2016,sexual_orientation,22
Washington,2016,sexual_orientation,70
West Virginia,2016,sexual_orientation,7
Wisconsin,2016,sexual_orientation,3
Wyoming,2016,sexual_orientation,0
Hawaii,2016,sexual_orientation,0
Alabama,2016,disability,0
Alaska,2016,disability,0
Arizona,2016,disability,1
Arkansas,2016,disability,0
California,2016,disability,2
Colorado,2016,disability,0
Connecticut,2016,disability,0
Delaware,2016,disability,0
District Of Columbia,2016,disability,2
Florida,2016,disability,1
Georgia,2016,disability,0
Idaho,2016,disability,0
Illinois,2016,disability,0
Indiana,2016,disability,0
Iowa,2016,disability,0
Kansas,2016,disability,3
Kentucky,2016,disability,2
Louisiana,2016,disability,0
Maine,2016,disability,0
Maryland,2016,disability,0
Massachusetts,2016,disability,8
Michigan,2016,disability,6
Minnesota,2016,disability,0
Mississippi,2016,disability,0
Missouri,2016,disability,0
Montana,2016,disability,0
Nebraska,2016,disability,0
Nevada,2016,disability,0
New Hampshire,2016,disability,2
New Jersey,2016,disability,1
New Mexico,2016,disability,0
New York,2016,disability,1
North Carolina,2016,disability,0
North Dakota,2016,disability,0
Ohio,2016,disability,9
Oklahoma,2016,disability,3
Oregon,2016,disability,2
Pennsylvania,2016,disability,1
Rhode Island,2016,disability,1
South Carolina,2016,disability,1
South Dakota,2016,disability,3
Tennessee,2016,disability,6
Texas,2016,disability,5
Utah,2016,disability,2
Vermont,2016,disability,1
Virginia,2016,disability,3
Washington,2016,disability,2
West Virginia,2016,disability,3
Wisconsin,2016,disability,0
Wyoming,2016,disability,0
Hawaii,2016,disability,0
Alabama,2016,gender,0
Alaska,2016,gender,0
Arizona,2016,gender,0
Arkansas,2016,gender,0
California,2016,gender,3
Colorado,2016,gender,0
Connecticut,2016,gender,0
Delaware,2016,gender,0
District Of Columbia,2016,gender,0
Florida,2016,gender,0
Georgia,2016,gender,0
Idaho,2016,gender,0
Illinois,2016,gender,1
Indiana,2016,gender,1
Iowa,2016,gender,0
Kansas,2016,gender,0
Kentucky,2016,gender,1
Louisiana,2016,gender,0
Maine,2016,gender,0
Maryland,2016,gender,0
Massachusetts,2016,gender,8
Michigan,2016,gender,5
Minnesota,2016,gender,0
Mississippi,2016,gender,0
Missouri,2016,gender,1
Montana,2016,gender,1
Nebraska,2016,gender,1
Nevada,2016,gender,0
New Hampshire,2016,gender,0
New Jersey,2016,gender,0
New Mexico,2016,gender,0
New York,2016,gender,5
North Carolina,2016,gender,1
North Dakota,2016,gender,0
Ohio,2016,gender,1
Oklahoma,2016,gender,0
Oregon,2016,gender,0
Pennsylvania,2016,gender,0
Rhode Island,2016,gender,0
South Carolina,2016,gender,0
South Dakota,2016,gender,0
Tennessee,2016,gender,0
Texas,2016,gender,1
Utah,2016,gender,0
Vermont,2016,gender,0
Virginia,2016,gender,0
Washington,2016,gender,3
West Virginia,2016,gender,0
Wisconsin,2016,gender,0
Wyoming,2016,gender,0
Hawaii,2016,gender,0
Alabama,2016,gender_identity,0
Alaska,2016,gender_identity,0
Arizona,2016,gender_identity,0
Arkansas,2016,gender_identity,1
California,2016,gender_identity,27
Colorado,2016,gender_identity,0
Connecticut,2016,gender_identity,0
Delaware,2016,gender_identity,0
District Of Columbia,2016,gender_identity,20
Florida,2016,gender_identity,1
Georgia,2016,gender_identity,0
Idaho,2016,gender_identity,0
Illinois,2016,gender_identity,3
Indiana,2016,gender_identity,0
Iowa,2016,gender_identity,0
Kansas,2016,gender_identity,0
Kentucky,2016,gender_identity,3
Louisiana,2016,gender_identity,0
Maine,2016,gender_identity,0
Maryland,2016,gender_identity,0
Massachusetts,2016,gender_identity,16
Michigan,2016,gender_identity,0
Minnesota,2016,gender_identity,0
Mississippi,2016,gender_identity,0
Missouri,2016,gender_identity,0
Montana,2016,gender_identity,0
Nebraska,2016,gender_identity,0
Nevada,2016,gender_identity,1
New Hampshire,2016,gender_identity,0
New Jersey,2016,gender_identity,0
New Mexico,2016,gender_identity,0
New York,2016,gender_identity,24
North Carolina,2016,gender_identity,2
North Dakota,2016,gender_identity,0
Ohio,2016,gender_identity,1
Oklahoma,2016,gender_identity,0
Oregon,2016,gender_identity,1
Pennsylvania,2016,gender_identity,0
Rhode Island,2016,gender_identity,0
South Carolina,2016,gender_identity,0
South Dakota,2016,gender_identity,2
Tennessee,2016,gender_identity,0
Texas,2016,gender_identity,8
Utah,2016,gender_identity,0
Vermont,2016,gender_identity,0
Virginia,2016,gender_identity,0
Washington,2016,gender_identity,14
West Virginia,2016,gender_identity,0
Wisconsin,2016,gender_identity,1
Wyoming,2016,gender_identity,0
Hawaii,2016,gender_identity,0
Alabama,2017,race,8
Alaska,2017,race,3
Arizona,2017,race,168
Arkansas,2017,race,5
California,2017,race,603
Colorado,2017,race,61
Connecticut,2017,race,66
Delaware,2017,race,14
District Of Columbia,2017,race,108
Florida,2017,race,70
Georgia,2017,race,19
Idaho,2017,race,30
Illinois,2017,race,39
Indiana,2017,race,32
Iowa,2017,race,9
Kansas,2017,race,39
Kentucky,2017,race,283
Louisiana,2017,race,14
Maine,2017,race,17
Maryland,2017,race,24
Massachusetts,2017,race,232
Michigan,2017,race,311
Minnesota,2017,race,92
Mississippi,2017,race,1
Missouri,2017,race,79
Montana,2017,race,9
Nebraska,2017,race,34
Nevada,2017,race,2
New Hampshire,2017,race,8
New Jersey,2017,race,260
New Mexico,2017,race,4
New York,2017,race,189
North Carolina,2017,race,114
North Dakota,2017,race,8
Ohio,2017,race,259
Oklahoma,2017,race,17
Oregon,2017,race,84
Pennsylvania,2017,race,52
Rhode Island,2017,race,5
South Carolina,2017,race,63
South Dakota,2017,race,8
Tennessee,2017,race,88
Texas,2017,race,117
Utah,2017,race,51
Vermont,2017,race,18
Virginia,2017,race,109
Washington,2017,race,323
West Virginia,2017,race,23
Wisconsin,2017,race,15
Wyoming,2017,race,1
Hawaii,2017,race,0
Alabama,2017,religion,1
Alaska,2017,religion,1
Arizona,2017,religion,48
Arkansas,2017,religion,0
California,2017,religion,207
Colorado,2017,religion,26
Connecticut,2017,religion,23
Delaware,2017,religion,8
District Of Columbia,2017,religion,14
Florida,2017,religion,43
Georgia,2017,religion,5
Idaho,2017,religion,17
Illinois,2017,religion,27
Indiana,2017,religion,13
Iowa,2017,religion,1
Kansas,2017,religion,16
Kentucky,2017,religion,38
Louisiana,2017,religion,11
Maine,2017,religion,9
Maryland,2017,religion,12
Massachusetts,2017,religion,118
Michigan,2017,religion,78
Minnesota,2017,religion,34
Mississippi,2017,religion,0
Missouri,2017,religion,11
Montana,2017,religion,4
Nebraska,2017,religion,6
Nevada,2017,religion,0
New Hampshire,2017,religion,4
New Jersey,2017,religion,180
New Mexico,2017,religion,2
New York,2017,religion,284
North Carolina,2017,religion,24
North Dakota,2017,religion,5
Ohio,2017,religion,35
Oklahoma,2017,religion,7
Oregon,2017,religion,29
Pennsylvania,2017,religion,17
Rhode Island,2017,religion,4
South Carolina,2017,religion,11
South Dakota,2017,religion,4
Tennessee,2017,religion,18
Texas,2017,religion,22
Utah,2017,religion,15
Vermont,2017,religion,6
Virginia,2017,religion,42
Washington,2017,religion,88
West Virginia,2017,religion,6
Wisconsin,2017,religion,17
Wyoming,2017,religion,1
Hawaii,2017,religion,0
Alabama,2017,sexual_orientation,0
Alaska,2017,sexual_orientation,0
Arizona,2017,sexual_orientation,55
Arkansas,2017,sexual_orientation,1
California,2017,sexual_orientation,248
Colorado,2017,sexual_orientation,18
Connecticut,2017,sexual_orientation,22
Delaware,2017,sexual_orientation,6
District Of Columbia,2017,sexual_orientation,57
Florida,2017,sexual_orientation,32
Georgia,2017,sexual_orientation,4
Idaho,2017,sexual_orientation,4
Illinois,2017,sexual_orientation,14
Indiana,2017,sexual_orientation,9
Iowa,2017,sexual_orientation,1
Kansas,2017,sexual_orientation,11
Kentucky,2017,sexual_orientation,27
Louisiana,2017,sexual_orientation,1
Maine,2017,sexual_orientation,4
Maryland,2017,sexual_orientation,6
Massachusetts,2017,sexual_orientation,65
Michigan,2017,sexual_orientation,57
Minnesota,2017,sexual_orientation,22
Mississippi,2017,sexual_orientation,0
Missouri,2017,sexual_orientation,13
Montana,2017,sexual_orientation,2
Nebraska,2017,sexual_orientation,4
Nevada,2017,sexual_orientation,3
New Hampshire,2017,sexual_orientation,1
New Jersey,2017,sexual_orientation,51
New Mexico,2017,sexual_orientation,1
New York,2017,sexual_orientation,64
North Carolina,2017,sexual_orientation,24
North Dakota,2017,sexual_orientation,2
Ohio,2017,sexual_orientation,53
Oklahoma,2017,sexual_orientation,10
Oregon,2017,sexual_orientation,24
Pennsylvania,2017,sexual_orientation,6
Rhode Island,2017,sexual_orientation,2
South Carolina,2017,sexual_orientation,12
South Dakota,2017,sexual_orientation,3
Tennessee,2017,sexual_orientation,21
Texas,2017,sexual_orientation,43
Utah,2017,sexual_orientation,8
Vermont,2017,sexual_orientation,8
Virginia,2017,sexual_orientation,35
Washington,2017,sexual_orientation,79
West Virginia,2017,sexual_orientation,1
Wisconsin,2017,sexual_orientation,13
Wyoming,2017,sexual_orientation,2
Hawaii,2017,sexual_orientation,0
Alabama,2017,disability,0
Alaska,2017,disability,0
Arizona,2017,disability,5
Arkansas,2017,disability,1
California,2017,disability,4
Colorado,2017,disability,1
Connecticut,2017,disability,0
Delaware,2017,disability,0
District Of Columbia,2017,disability,1
Florida,2017,disability,0
Georgia,2017,disability,0
Idaho,2017,disability,2
Illinois,2017,disability,1
Indiana,2017,disability,1
Iowa,2017,disability,0
Kansas,2017,disability,9
Kentucky,2017,disability,12
Louisiana,2017,disability,0
Maine,2017,disability,0
Maryland,2017,disability,0
Massachusetts,2017,disability,9
Michigan,2017,disability,2
Minnesota,2017,disability,0
Mississippi,2017,disability,0
Missouri,2017,disability,0
Montana,2017,disability,0
Nebraska,2017,disability,1
Nevada,2017,disability,0
New Hampshire,2017,disability,0
New Jersey,2017,disability,4
New Mexico,2017,disability,0
New York,2017,disability,1
North Carolina,2017,disability,4
North Dakota,2017,disability,0
Ohio,2017,disability,31
Oklahoma,2017,disability,0
Oregon,2017,disability,4
Pennsylvania,2017,disability,0
Rhode Island,2017,disability,0
South Carolina,2017,disability,1
South Dakota,2017,disability,2
Tennessee,2017,disability,7
Texas,2017,disability,3
Utah,2017,disability,0
Vermont,2017,disability,3
Virginia,2017,disability,7
Washington,2017,disability,1
West Virginia,2017,disability,1
Wisconsin,2017,disability,1
Wyoming,2017,disability,0
Hawaii,2017,disability,0
Alabama,2017,gender,0
Alaska,2017,gender,0
Arizona,2017,gender,0
Arkansas,2017,gender,0
California,2017,gender,4
Colorado,2017,gender,1
Connecticut,2017,gender,0
Delaware,2017,gender,0
District Of Columbia,2017,gender,0
Florida,2017,gender,0
Georgia,2017,gender,0
Idaho,2017,gender,0
Illinois,2017,gender,0
Indiana,2017,gender,0
Iowa,2017,gender,0
Kansas,2017,gender,0
Kentucky,2017,gender,16
Louisiana,2017,gender,0
Maine,2017,gender,0
Maryland,2017,gender,0
Massachusetts,2017,gender,8
Michigan,2017,gender,8
Minnesota,2017,gender,0
Mississippi,2017,gender,0
Missouri,2017,gender,1
Montana,2017,gender,0
Nebraska,2017,gender,0
Nevada,2017,gender,0
New Hampshire,2017,gender,0
New Jersey,2017,gender,0
New Mexico,2017,gender,0
New York,2017,gender,0
North Carolina,2017,gender,0
North Dakota,2017,gender,0
Ohio,2017,gender,0
Oklahoma,2017,gender,1
Oregon,2017,gender,1
Pennsylvania,2017,gender,0
Rhode Island,2017,gender,0
South Carolina,2017,gender,0
South Dakota,2017,gender,0
Tennessee,2017,gender,2
Texas,2017,gender,1
Utah,2017,gender,0
Vermont,2017,gender,0
Virginia,2017,gender,0
Washington,2017,gender,6
West Virginia,2017,gender,0
Wisconsin,2017,gender,0
Wyoming,2017,gender,0
Hawaii,2017,gender,0
Alabama,2017,gender_identity,0
Alaska,2017,gender_identity,0
Arizona,2017,gender_identity,12
Arkansas,2017,gender_identity,0
California,2017,gender_identity,29
Colorado,2017,gender_identity,1
Connecticut,2017,gender_identity,1
Delaware,2017,gender_identity,1
District Of Columbia,2017,gender_identity,13
Florida,2017,gender_identity,0
Georgia,2017,gender_identity,0
Idaho,2017,gender_identity,0
Illinois,2017,gender_identity,1
Indiana,2017,gender_identity,0
Iowa,2017,gender_identity,0
Kansas,2017,gender_identity,0
Kentucky,2017,gender_identity,3
Louisiana,2017,gender_identity,0
Maine,2017,gender_identity,2
Maryland,2017,gender_identity,6
Massachusetts,2017,gender_identity,9
Michigan,2017,gender_identity,0
Minnesota,2017,gender_identity,0
Mississippi,2017,gender_identity,0
Missouri,2017,gender_identity,1
Montana,2017,gender_identity,0
Nebraska,2017,gender_identity,0
Nevada,2017,gender_identity,0
New Hampshire,2017,gender_identity,0
New Jersey,2017,gender_identity,0
New Mexico,2017,gender_identity,0
New York,2017,gender_identity,14
North Carolina,2017,gender_identity,0
North Dakota,2017,gender_identity,0
Ohio,2017,gender_identity,2
Oklahoma,2017,gender_identity,2
Oregon,2017,gender_identity,4
Pennsylvania,2017,gender_identity,3
Rhode Island,2017,gender_identity,0
South Carolina,2017,gender_identity,0
South Dakota,2017,gender_identity,0
Tennessee,2017,gender_identity,0
Texas,2017,gender_identity,6
Utah,2017,gender_identity,4
Vermont,2017,gender_identity,0
Virginia,2017,gender_identity,0
Washington,2017,gender_identity,16
West Virginia,2017,gender_identity,0
Wisconsin,2017,gender_identity,0
Wyoming,2017,gender_identity,0
Hawaii,2017,gender_identity,0
